candidate_id,split_id,seed,transfer_strategy,missing_modality_method,source_route,source_dataset,checkpoint_path,checkpoint_sha256,official_predictions_path,official_predictions_sha256
376e640146b54bfd1dc3,GROUP,101,target_scratch,teacher_student_m2,supervised,PRIMARY_CYBENCH_MAIZE_US,,,${AGRITECH_PREDICTION_ROOT}/376e640146b54bfd1dc3/predictions.csv,6a2374264401e5a504b9b0841d90f3012f3b5b69e5dcd02e5d7d77f7707a1ba1
6a8467b1ab6f873170a5,GROUP,202,target_scratch,teacher_student_m2,supervised,PRIMARY_CYBENCH_MAIZE_US,,,${AGRITECH_PREDICTION_ROOT}/6a8467b1ab6f873170a5/predictions.csv,23ff092e4d05349bd4f0b2c88139e623d0d3cbb228d13cba2c3c2c7da3f38b1e
c26dd18da424f8609251,GROUP,303,target_scratch,teacher_student_m2,supervised,PRIMARY_CYBENCH_MAIZE_US,,,${AGRITECH_PREDICTION_ROOT}/c26dd18da424f8609251/predictions.csv,318fc9990adb2496f22653305fc9d97fb251baf5938a2bf7894794c9b703383d
b900b1d97d24d2c36637,SPATIAL,101,target_scratch,late_fusion,supervised,PRIMARY_CYBENCH_MAIZE_US,,,${AGRITECH_PREDICTION_ROOT}/b900b1d97d24d2c36637/predictions.csv,9b3cfc96c83a846ec9c807507a30cf0ce2b45c48e97e1c0896c50af51496b127
af1d25b6bdbfa663da09,SPATIAL,202,target_scratch,late_fusion,supervised,PRIMARY_CYBENCH_MAIZE_US,,,${AGRITECH_PREDICTION_ROOT}/af1d25b6bdbfa663da09/predictions.csv,caaf5bde017131b419a4b136757238e460b99e495107602f7a3553f2e1730ae3
0f43a9296c052c4b7112,SPATIAL,303,target_scratch,late_fusion,supervised,PRIMARY_CYBENCH_MAIZE_US,,,${AGRITECH_PREDICTION_ROOT}/0f43a9296c052c4b7112/predictions.csv,75bb49bb5e7fd9371c9f13884a1f8bd346b072230a2bee88a32c6446b04c8a03
25d4c203d5581699ba87,SPATIAL,101,target_scratch,teacher_student_m2,supervised,PRIMARY_CYBENCH_MAIZE_US,,,${AGRITECH_PREDICTION_ROOT}/25d4c203d5581699ba87/predictions.csv,e15603a588a9c72186ec7c3465aa0fa6825032901771d1a992c7a50a794456f8
c57bd706faa29e7d9ef6,SPATIAL,202,target_scratch,teacher_student_m2,supervised,PRIMARY_CYBENCH_MAIZE_US,,,${AGRITECH_PREDICTION_ROOT}/c57bd706faa29e7d9ef6/predictions.csv,d06bb1bda1d310868e9431bd31b7ff6e05198c0bdd1d04ff918ee6c217926177
19d2af216d1e2ae3562e,SPATIAL,303,target_scratch,teacher_student_m2,supervised,PRIMARY_CYBENCH_MAIZE_US,,,${AGRITECH_PREDICTION_ROOT}/19d2af216d1e2ae3562e/predictions.csv,9b2bb4252e6e53fff9b4596ffd68bb323ed2a13116b76b0182cbccedd3979313
456c26559766c14d6d0a,SPATIAL,101,ordinary_transfer,missing_aware,combined_kd,PRIMARY_CYBENCH_MAIZE_US,${AGRITECH_CHECKPOINT_ROOT}/456c26559766c14d6d0a.pt,64a2dc6992a2bfa77229de598d8fc01dbe5feedf628d62b2f028fb3fd9b2beb9,${AGRITECH_PREDICTION_ROOT}/456c26559766c14d6d0a/predictions.csv,0b6dca41c41cad204c72158b9f3c03879bbb6672ed0f7ab39e19438f9da17e44
4c5d1b04ad01a5e698ce,SPATIAL,202,ordinary_transfer,missing_aware,combined_kd,PRIMARY_CYBENCH_MAIZE_US,${AGRITECH_CHECKPOINT_ROOT}/4c5d1b04ad01a5e698ce.pt,682dae8168d1d57028e3c309422cd2d4355d9255540156397dd8b97f3ebcd1a6,${AGRITECH_PREDICTION_ROOT}/4c5d1b04ad01a5e698ce/predictions.csv,f658b266b2eb65ed014ac91daf1504459fa543acfa1b54bd254a4077959a30cd
5718c00a0077e7a05412,SPATIAL,303,ordinary_transfer,missing_aware,combined_kd,PRIMARY_CYBENCH_MAIZE_US,${AGRITECH_CHECKPOINT_ROOT}/5718c00a0077e7a05412.pt,076cd894a3a0fbd4e3ddf01859fea5538da039ac4eed86eba6fb38f6d16effe1,${AGRITECH_PREDICTION_ROOT}/5718c00a0077e7a05412/predictions.csv,47f3f9def3c7658bb9645aed8488d9247e2486a567a5f0e1443f7a7fcfa1530b
28c2989bf82ec2519035,SPATIAL,101,ordinary_transfer,missing_aware,missing_aware,PRIMARY_CYBENCH_MAIZE_US,${AGRITECH_CHECKPOINT_ROOT}/28c2989bf82ec2519035.pt,ef19163f982c3c3f78a4a5dc1f2607820bf8d3813ece494ac89dace673c0fd74,${AGRITECH_PREDICTION_ROOT}/28c2989bf82ec2519035/predictions.csv,5ee7cc8287c040842586da148325cca99d5d20c80b44494ce9dad342ad291880
898f86227cf3e071ed58,SPATIAL,202,ordinary_transfer,missing_aware,missing_aware,PRIMARY_CYBENCH_MAIZE_US,${AGRITECH_CHECKPOINT_ROOT}/898f86227cf3e071ed58.pt,17c881246b9f4bbb603ade4e431a86d347ccc89478b0563cd1b33b3fd2c10bc7,${AGRITECH_PREDICTION_ROOT}/898f86227cf3e071ed58/predictions.csv,eddffaf93af537669154cad645aefc5b743615b6409727c08d5a15c448356596
bda99c8e71a8175f5623,SPATIAL,303,ordinary_transfer,missing_aware,missing_aware,PRIMARY_CYBENCH_MAIZE_US,${AGRITECH_CHECKPOINT_ROOT}/bda99c8e71a8175f5623.pt,331020be747166ab58a5f7fbc4363ae64c61df363fe7fd9b547c801f20df0551,${AGRITECH_PREDICTION_ROOT}/bda99c8e71a8175f5623/predictions.csv,01a0de8d46b8e5b45948bd91f8c884750084711d86884457e479c57d3f09f244
a117784a2081b6e03ecb,SPATIAL,101,ordinary_transfer,missing_aware,prediction_kd,PRIMARY_CYBENCH_MAIZE_US,${AGRITECH_CHECKPOINT_ROOT}/a117784a2081b6e03ecb.pt,0f6db4d4719e891e2205457c994ada63a23eff69af206e27c5a9b84510449b72,${AGRITECH_PREDICTION_ROOT}/a117784a2081b6e03ecb/predictions.csv,90d70e46a6df26e5f340d57764edeba8dbad54358fe8e8560ab363660b94d14c
f5009f2423a9efb71cd2,SPATIAL,202,ordinary_transfer,missing_aware,prediction_kd,PRIMARY_CYBENCH_MAIZE_US,${AGRITECH_CHECKPOINT_ROOT}/f5009f2423a9efb71cd2.pt,c05b66f12f28c84751672ab6e36f19eb073eef45c998e0630d1fadddaa2d7a9a,${AGRITECH_PREDICTION_ROOT}/f5009f2423a9efb71cd2/predictions.csv,75253a345b95701a1acb88691ca64b022b1a39da0c004e184b4d8d1e304a400a
67b109cae3bdbff87603,SPATIAL,303,ordinary_transfer,missing_aware,prediction_kd,PRIMARY_CYBENCH_MAIZE_US,${AGRITECH_CHECKPOINT_ROOT}/67b109cae3bdbff87603.pt,c2346584aec414c83b1ca81c2ab1453b49b3b8c3b1d03efba4bfa7d2f6e2ef9e,${AGRITECH_PREDICTION_ROOT}/67b109cae3bdbff87603/predictions.csv,0fd9c01d54865a23d7cac1aaa7f8ed13573eebea32d26d21fcbc91bf3adc64a8
5d3be203139ca038859f,SPATIAL,101,ordinary_transfer,missing_aware,representation_kd,PRIMARY_CYBENCH_MAIZE_US,${AGRITECH_CHECKPOINT_ROOT}/5d3be203139ca038859f.pt,1273d81eb5672070cfa7719983be4df398ea73b51be9e392833274063be0af6b,${AGRITECH_PREDICTION_ROOT}/5d3be203139ca038859f/predictions.csv,deeaa8c56864494d99a9f979c8097e153b8bc6ae534baeb8ef23ac84f3b44bb5
94011cab73c1a27445bb,SPATIAL,202,ordinary_transfer,missing_aware,representation_kd,PRIMARY_CYBENCH_MAIZE_US,${AGRITECH_CHECKPOINT_ROOT}/94011cab73c1a27445bb.pt,081fe902b07d4264f6023c151d9f4cfa338c0a54ddb7940d8cb79934f39587a3,${AGRITECH_PREDICTION_ROOT}/94011cab73c1a27445bb/predictions.csv,ffe8ff1b81784f50e1b771535b30067bf329b3b736184879db15b0cda18a7e97
e005603f261c10c194b5,SPATIAL,303,ordinary_transfer,missing_aware,representation_kd,PRIMARY_CYBENCH_MAIZE_US,${AGRITECH_CHECKPOINT_ROOT}/e005603f261c10c194b5.pt,8ec5fd6236b7f822b7e23e613f2ccdd443e47dd5767002abdcbf32905888fb51,${AGRITECH_PREDICTION_ROOT}/e005603f261c10c194b5/predictions.csv,7c8a5c018e9330fe2aec0c8e0518dc93f7eeeb201e7fac133885ad129c3fa97e
6a067e3a2d691f6213c5,SPATIAL,101,ordinary_transfer,missing_aware,supervised,PRIMARY_CYBENCH_MAIZE_US,${AGRITECH_CHECKPOINT_ROOT}/6a067e3a2d691f6213c5.pt,8103ca77bf1d58f9ba637b2e2e9f65f95dae5861212c295ec1f686c140030ed5,${AGRITECH_PREDICTION_ROOT}/6a067e3a2d691f6213c5/predictions.csv,51d15f0e4a71a7ac038baac7fa5a510d8597ae3ec7b216f474c197e3ce93e82b
17bac244725c13212184,SPATIAL,202,ordinary_transfer,missing_aware,supervised,PRIMARY_CYBENCH_MAIZE_US,${AGRITECH_CHECKPOINT_ROOT}/17bac244725c13212184.pt,e531c4eab1c3bf3cf5b5722c81b8d9bdf82e84854f8379ea51f19688abe976ab,${AGRITECH_PREDICTION_ROOT}/17bac244725c13212184/predictions.csv,e0220b954cebf06d2f9fc137efdb04561172ce0bd1f8a2ed031ac14b4942575e
24e466cfa9127d505a60,SPATIAL,303,ordinary_transfer,missing_aware,supervised,PRIMARY_CYBENCH_MAIZE_US,${AGRITECH_CHECKPOINT_ROOT}/24e466cfa9127d505a60.pt,2a72bdb83f563b729d12c86cdbe29f85598d1677ba20bfd885ab40d4f36ddabf,${AGRITECH_PREDICTION_ROOT}/24e466cfa9127d505a60/predictions.csv,8c4f15e29c5e95fd87e1db38bc82e17f2c2a9d357a73fdd5fa64946bc450a95c
eab224237235107c5f17,GROUP,101,ordinary_transfer,missing_aware,combined_kd,PRIMARY_CYBENCH_MAIZE_US,${AGRITECH_CHECKPOINT_ROOT}/eab224237235107c5f17.pt,7a66006e79a116e466abd90a5892fad1782f119d259e0a6b08461b797625ce92,${AGRITECH_PREDICTION_ROOT}/eab224237235107c5f17/predictions.csv,67962bc9de49ed5d393553c33277f9d46323033a9c7d8fcbc1d6bf50b728cbac
03a48fbe57c6280ac1b8,GROUP,202,ordinary_transfer,missing_aware,combined_kd,PRIMARY_CYBENCH_MAIZE_US,${AGRITECH_CHECKPOINT_ROOT}/03a48fbe57c6280ac1b8.pt,a8a8632be9eb2073c7342ae42d1b4687f747c5dfd033433c9246edddc7f8aa92,${AGRITECH_PREDICTION_ROOT}/03a48fbe57c6280ac1b8/predictions.csv,9c42daaf39b90b1a822fb04e34b3d91073bbef62733ab1f836f24a3b1e05ed23
1ae6b35d9232bf9b5f1e,GROUP,303,ordinary_transfer,missing_aware,combined_kd,PRIMARY_CYBENCH_MAIZE_US,${AGRITECH_CHECKPOINT_ROOT}/1ae6b35d9232bf9b5f1e.pt,0f20b5079f62b6fe2bb2864447044a30fdd18b7b04399dc361aa3f0fb1ac907e,${AGRITECH_PREDICTION_ROOT}/1ae6b35d9232bf9b5f1e/predictions.csv,956e9082f499797a0a48a95fc804068ef2a0184f657ef7ed85f45878a9de6a66
fb9d683514cb3ea2e0ad,GROUP,101,ordinary_transfer,missing_aware,missing_aware,PRIMARY_CYBENCH_MAIZE_US,${AGRITECH_CHECKPOINT_ROOT}/fb9d683514cb3ea2e0ad.pt,59614584a8ddb853dc8bc8885af9ec076a3717a3b91fb9018ebadfe6cd683df9,${AGRITECH_PREDICTION_ROOT}/fb9d683514cb3ea2e0ad/predictions.csv,7773d65b7f838f7813bff1f2c560987ee4a2752743e15da0c8697872e7bb81d0
b79e490535087585f79d,GROUP,202,ordinary_transfer,missing_aware,missing_aware,PRIMARY_CYBENCH_MAIZE_US,${AGRITECH_CHECKPOINT_ROOT}/b79e490535087585f79d.pt,65f2f219c0f788d91d3512c7220926ac92b885a2d0b598f811f80b450b7c35c0,${AGRITECH_PREDICTION_ROOT}/b79e490535087585f79d/predictions.csv,a165a5a96f4fe8da9a278f2ec9d4e0e4fb40b84d5e5771eaf0d6b9e8791fabd8
58c226732a8098ac1351,GROUP,303,ordinary_transfer,missing_aware,missing_aware,PRIMARY_CYBENCH_MAIZE_US,${AGRITECH_CHECKPOINT_ROOT}/58c226732a8098ac1351.pt,27296aa4b9cb5a68cb2d2503196399aeb5ae44475245f6a2a336e04cf0e62700,${AGRITECH_PREDICTION_ROOT}/58c226732a8098ac1351/predictions.csv,5e56b80e71a422f705be870fe1e885eeb4516cb5c815600a860db13fcfe2c055
82325810c9783b136b00,GROUP,101,ordinary_transfer,missing_aware,prediction_kd,PRIMARY_CYBENCH_MAIZE_US,${AGRITECH_CHECKPOINT_ROOT}/82325810c9783b136b00.pt,754f08c62a2072d3f8e48358be27a7fad27efb5d14869a3e033a7caf58fd1eba,${AGRITECH_PREDICTION_ROOT}/82325810c9783b136b00/predictions.csv,26f8fad312403ca841c7b81cc4697863a179e3139cff5b523d9156bf2d01527e
d9108752d82da1fe385e,GROUP,202,ordinary_transfer,missing_aware,prediction_kd,PRIMARY_CYBENCH_MAIZE_US,${AGRITECH_CHECKPOINT_ROOT}/d9108752d82da1fe385e.pt,7a19b4d32c6472b3a3961b8842f7fccea6669ea07eb3ab097245688f2e09bfdd,${AGRITECH_PREDICTION_ROOT}/d9108752d82da1fe385e/predictions.csv,8e7d6b3948a6557bc931a64b98ffefd5dfe30f4a7d0b304b52a031c223fc7ab1
76d1c9c9cc15146aefc1,GROUP,303,ordinary_transfer,missing_aware,prediction_kd,PRIMARY_CYBENCH_MAIZE_US,${AGRITECH_CHECKPOINT_ROOT}/76d1c9c9cc15146aefc1.pt,f78df2a587d5cd0310fb03c4aa713f9f6d7696dc9eed21cc2cd067d459b5a49f,${AGRITECH_PREDICTION_ROOT}/76d1c9c9cc15146aefc1/predictions.csv,15fe25f3289f317fe5e0dc7b29c3d61dde39f3b6da086a38977c97b23a56301f
574a6619d095e29f1d27,GROUP,101,ordinary_transfer,missing_aware,representation_kd,PRIMARY_CYBENCH_MAIZE_US,${AGRITECH_CHECKPOINT_ROOT}/574a6619d095e29f1d27.pt,6d3f638f39b8a3aca402409a11dd9466892956060eecd3c221db1647cbca4135,${AGRITECH_PREDICTION_ROOT}/574a6619d095e29f1d27/predictions.csv,99f2fe7999e706159136f8b238f3366bf73e5538ceb53e32f70e161b6e1b53e2
55a301f9e29b532a8993,GROUP,202,ordinary_transfer,missing_aware,representation_kd,PRIMARY_CYBENCH_MAIZE_US,${AGRITECH_CHECKPOINT_ROOT}/55a301f9e29b532a8993.pt,622106591a436cb1f864614e9a727532872809116b8fbf9b3e4eb69fe712ce9b,${AGRITECH_PREDICTION_ROOT}/55a301f9e29b532a8993/predictions.csv,3ebbe4d5897bad8926640f3b6dfe930d37ac1a9cf7496e3833e2e13ee305b05c
61ffbf42a4f5da964ad7,GROUP,303,ordinary_transfer,missing_aware,representation_kd,PRIMARY_CYBENCH_MAIZE_US,${AGRITECH_CHECKPOINT_ROOT}/61ffbf42a4f5da964ad7.pt,9b90ca347b4da7a78c54b74312aabd194cccddb4bc6ee3cf42669c83e2fb78cc,${AGRITECH_PREDICTION_ROOT}/61ffbf42a4f5da964ad7/predictions.csv,14983a2349bc2922e67c6702280287e6d4c1df31d332cf050f5c119cbbee66f1
92ee623994cd4f201cd1,GROUP,101,ordinary_transfer,missing_aware,supervised,PRIMARY_CYBENCH_MAIZE_US,${AGRITECH_CHECKPOINT_ROOT}/92ee623994cd4f201cd1.pt,9386fb680e808adaaf12128481630ff8bc75e92dd643413cdd012ad647a15bdc,${AGRITECH_PREDICTION_ROOT}/92ee623994cd4f201cd1/predictions.csv,0c3cb7b92eb3514f1299a9d676a7303ea4f09f6fbaa3ec77b95551798b831c6e
879e387d89f6b51bd50e,GROUP,202,ordinary_transfer,missing_aware,supervised,PRIMARY_CYBENCH_MAIZE_US,${AGRITECH_CHECKPOINT_ROOT}/879e387d89f6b51bd50e.pt,dc46b2e5c7853bcd70800443f9883f4bf2a29746dbb4c0bbb979a4635b22ef8d,${AGRITECH_PREDICTION_ROOT}/879e387d89f6b51bd50e/predictions.csv,21326b98d634116a44667801167992f8ab6ccf8bfd7bd12c1e4704bc614043d6
20ad19fc00784c3a783a,GROUP,303,ordinary_transfer,missing_aware,supervised,PRIMARY_CYBENCH_MAIZE_US,${AGRITECH_CHECKPOINT_ROOT}/20ad19fc00784c3a783a.pt,7734a8ee53d2a5deb0603483d124c494be004010f9f3a3cf83beb76a436cec78,${AGRITECH_PREDICTION_ROOT}/20ad19fc00784c3a783a/predictions.csv,5ffad97150d2b0aa928a98d45263dcf72cacdef3726bedd76938f2ebd0a8474a
06b192aabd96c7672789,GROUP,101,target_scratch,imputation,supervised,PRIMARY_CYBENCH_MAIZE_US,,,${AGRITECH_PREDICTION_ROOT}/06b192aabd96c7672789/predictions.csv,f9a9449492ec2a53402042fe36f1f20a42b28c6d570783dea5214840f193d063
6efcec174fa8913c85ba,GROUP,202,target_scratch,imputation,supervised,PRIMARY_CYBENCH_MAIZE_US,,,${AGRITECH_PREDICTION_ROOT}/6efcec174fa8913c85ba/predictions.csv,b83bb20af0f56bfb75939a6f92234d83b7c6b67a4253baf11bc603b8af5edc9e
a2d30ce98fd8fc8e02f7,GROUP,303,target_scratch,imputation,supervised,PRIMARY_CYBENCH_MAIZE_US,,,${AGRITECH_PREDICTION_ROOT}/a2d30ce98fd8fc8e02f7/predictions.csv,99c31dc4aac9ada96935fc5da317bfa9bace0a5060d1fbee0416be11ae9ca2e8
a23df8b844178a62e5db,SPATIAL,101,target_scratch,imputation,supervised,PRIMARY_CYBENCH_MAIZE_US,,,${AGRITECH_PREDICTION_ROOT}/a23df8b844178a62e5db/predictions.csv,2ea87f67fdbeaae60b7082c3096754550e001dda41a75104e745110ebc7ebd71
0cc3e26450537aeff4e0,SPATIAL,202,target_scratch,imputation,supervised,PRIMARY_CYBENCH_MAIZE_US,,,${AGRITECH_PREDICTION_ROOT}/0cc3e26450537aeff4e0/predictions.csv,2ea87f67fdbeaae60b7082c3096754550e001dda41a75104e745110ebc7ebd71
f7547ee0195d1698a294,SPATIAL,303,target_scratch,imputation,supervised,PRIMARY_CYBENCH_MAIZE_US,,,${AGRITECH_PREDICTION_ROOT}/f7547ee0195d1698a294/predictions.csv,2ea87f67fdbeaae60b7082c3096754550e001dda41a75104e745110ebc7ebd71
