contract,method,seed,perturbation_group,mean_abs_pred_change,mean_perturbation_l2_distance,standardized_sensitivity,dimension_normalized_sensitivity
GROUP_complete,combined_kd,101,all_physical,0.3881944012134633,1.5834342477564214,0.2451597859293831,0.0554563430304947
GROUP_complete,combined_kd,101,all_support,1.1540002061965615,1.6317393784885237,0.7072209088100834,0.3846667353988538
GROUP_complete,combined_kd,101,observation_support,1.1540002061965615,1.6317393784885237,0.7072209088100834,0.3846667353988538
GROUP_complete,combined_kd,101,radiation,0.1494878809502784,0.7239055834057846,0.2065019035310805,0.1494878809502784
GROUP_complete,combined_kd,101,temperature,0.402199849169305,0.6707671208985636,0.5996117529283727,0.2010999245846525
GROUP_complete,combined_kd,101,water_balance,0.2041087023755337,1.1630238840804317,0.1754982895615603,0.0510271755938834
GROUP_complete,combined_kd,202,all_physical,0.2199868834537008,2.4301079971407726,0.0905255584165162,0.0314266976362429
GROUP_complete,combined_kd,202,all_support,0.8189038867535798,1.2621859298543618,0.6487981424792311,0.2729679622511933
GROUP_complete,combined_kd,202,observation_support,0.8189038867535798,1.2621859298543618,0.6487981424792311,0.2729679622511933
GROUP_complete,combined_kd,202,radiation,0.267354358797488,0.7856338525079706,0.3403040206881045,0.267354358797488
GROUP_complete,combined_kd,202,temperature,0.1565671195154604,1.528375431380976,0.1024402226708724,0.0782835597577302
GROUP_complete,combined_kd,202,water_balance,0.1680771288664444,1.5858598808295632,0.1059848545877945,0.0420192822166111
GROUP_complete,combined_kd,303,all_physical,0.5410450555944956,1.7474744654062877,0.3096154286113663,0.0772921507992136
GROUP_complete,combined_kd,303,all_support,0.1022707287983227,0.622478813305368,0.1642959191736983,0.0340902429327742
GROUP_complete,combined_kd,303,observation_support,0.1022707287983227,0.622478813305368,0.1642959191736983,0.0340902429327742
GROUP_complete,combined_kd,303,radiation,0.1593090975156394,0.552067559703673,0.2885681194541866,0.1593090975156394
GROUP_complete,combined_kd,303,temperature,0.1376182033169654,0.7429407466547211,0.1852344267513136,0.0688091016584827
GROUP_complete,combined_kd,303,water_balance,0.5010323357838457,1.401039490182449,0.3576147134284141,0.1252580839459614
GROUP_complete,missing_aware,101,all_physical,0.8199311101690252,1.5834342477564214,0.5178182241102043,0.1171330157384321
GROUP_complete,missing_aware,101,all_support,0.3225500456830288,1.6317393784885237,0.1976725265903728,0.1075166818943429
GROUP_complete,missing_aware,101,observation_support,0.3225500456830288,1.6317393784885237,0.1976725265903728,0.1075166818943429
GROUP_complete,missing_aware,101,radiation,0.2808503204203667,0.7239055834057846,0.387965401646237,0.2808503204203667
GROUP_complete,missing_aware,101,temperature,0.2314575339885468,0.6707671208985636,0.3450639227488369,0.1157287669942734
GROUP_complete,missing_aware,101,water_balance,0.4439771809476487,1.1630238840804317,0.381743820590844,0.1109942952369121
GROUP_complete,missing_aware,202,all_physical,0.2885965834493222,2.4301079971407726,0.1187587480839377,0.0412280833499031
GROUP_complete,missing_aware,202,all_support,0.7601669964583023,1.2621859298543618,0.6022622962889567,0.2533889988194341
GROUP_complete,missing_aware,202,observation_support,0.7601669964583023,1.2621859298543618,0.6022622962889567,0.2533889988194341
GROUP_complete,missing_aware,202,radiation,0.2115226496820864,0.7856338525079706,0.2692382068397074,0.2115226496820864
GROUP_complete,missing_aware,202,temperature,0.6184473234674205,1.528375431380976,0.4046435913381653,0.3092236617337102
GROUP_complete,missing_aware,202,water_balance,0.2586837364279705,1.5858598808295632,0.1631189107908385,0.0646709341069926
GROUP_complete,missing_aware,303,all_physical,0.6650267160066994,1.7474744654062877,0.3805644827271912,0.0950038165723856
GROUP_complete,missing_aware,303,all_support,0.1139627297719319,0.622478813305368,0.1830788893305552,0.0379875765906439
GROUP_complete,missing_aware,303,observation_support,0.1139627297719319,0.622478813305368,0.1830788893305552,0.0379875765906439
GROUP_complete,missing_aware,303,radiation,0.2801041551815566,0.552067559703673,0.5073729659670594,0.2801041551815566
GROUP_complete,missing_aware,303,temperature,0.123016652240548,0.7429407466547211,0.1655807045101457,0.061508326120274
GROUP_complete,missing_aware,303,water_balance,0.3718478474565732,1.401039490182449,0.2654085413451724,0.0929619618641433
GROUP_complete,prediction_kd,101,all_physical,1.2978652639591948,1.5834342477564214,0.8196521363595167,0.1854093234227421
GROUP_complete,prediction_kd,101,all_support,1.3525427097969869,1.6317393784885237,0.8288962855385736,0.4508475699323289
GROUP_complete,prediction_kd,101,observation_support,1.3525427097969869,1.6317393784885237,0.8288962855385736,0.4508475699323289
GROUP_complete,prediction_kd,101,radiation,0.2501401774426724,0.7239055834057846,0.345542544741102,0.2501401774426724
GROUP_complete,prediction_kd,101,temperature,0.7832129388413531,0.6707671208985636,1.1676376411995102,0.3916064694206765
GROUP_complete,prediction_kd,101,water_balance,1.0877056955657107,1.1630238840804317,0.9352393449983116,0.2719264238914277
GROUP_complete,prediction_kd,202,all_physical,0.8396211212096008,2.4301079971407726,0.3455077396548385,0.1199458744585143
GROUP_complete,prediction_kd,202,all_support,0.8728884691777437,1.2621859298543618,0.6915688477669616,0.2909628230592478
GROUP_complete,prediction_kd,202,observation_support,0.8728884691777437,1.2621859298543618,0.6915688477669616,0.2909628230592478
GROUP_complete,prediction_kd,202,radiation,0.3305149907651155,0.7856338525079706,0.4206985095023531,0.3305149907651155
GROUP_complete,prediction_kd,202,temperature,0.3476863135462222,1.528375431380976,0.2274875049724136,0.1738431567731111
GROUP_complete,prediction_kd,202,water_balance,0.5181080380211706,1.5858598808295632,0.3267048017822492,0.1295270095052926
GROUP_complete,prediction_kd,303,all_physical,0.4729229839899206,1.7474744654062877,0.2706322715163082,0.0675604262842743
GROUP_complete,prediction_kd,303,all_support,0.1132958025060674,0.622478813305368,0.1820074837636379,0.0377652675020224
GROUP_complete,prediction_kd,303,observation_support,0.1132958025060674,0.622478813305368,0.1820074837636379,0.0377652675020224
GROUP_complete,prediction_kd,303,radiation,0.1817150641513127,0.552067559703673,0.3291536714247811,0.1817150641513127
GROUP_complete,prediction_kd,303,temperature,0.2153151419854933,0.7429407466547211,0.28981468973766,0.1076575709927466
GROUP_complete,prediction_kd,303,water_balance,0.5976180286817653,1.401039490182449,0.4265533076469632,0.1494045071704413
GROUP_complete,representation_kd,101,all_physical,0.6605639483066316,1.5834342477564214,0.4171716945254732,0.0943662783295188
GROUP_complete,representation_kd,101,all_support,0.4245899687422083,1.6317393784885237,0.2602069756600743,0.1415299895807361
GROUP_complete,representation_kd,101,observation_support,0.4245899687422083,1.6317393784885237,0.2602069756600743,0.1415299895807361
GROUP_complete,representation_kd,101,radiation,0.3404703229031664,0.7239055834057846,0.4703242117582146,0.3404703229031664
GROUP_complete,representation_kd,101,temperature,0.2234277750583405,0.6707671208985636,0.333092914212465,0.1117138875291702
GROUP_complete,representation_kd,101,water_balance,0.2535084790371834,1.1630238840804317,0.2179735794827696,0.0633771197592958
GROUP_complete,representation_kd,202,all_physical,0.5369807471399722,2.4301079971407726,0.2209699107083119,0.0767115353057103
GROUP_complete,representation_kd,202,all_support,0.698690480771272,1.2621859298543618,0.5535559098264844,0.2328968269237573
GROUP_complete,representation_kd,202,observation_support,0.698690480771272,1.2621859298543618,0.5535559098264844,0.2328968269237573
GROUP_complete,representation_kd,202,radiation,0.4284405418064283,0.7856338525079706,0.5453437888886493,0.4284405418064283
GROUP_complete,representation_kd,202,temperature,0.5251702826956044,1.528375431380976,0.3436134027754809,0.2625851413478022
GROUP_complete,representation_kd,202,water_balance,0.4505670091380244,1.5858598808295632,0.2841152705761424,0.1126417522845061
GROUP_complete,representation_kd,303,all_physical,0.2534247034339494,1.7474744654062877,0.1450234086109425,0.0362035290619927
GROUP_complete,representation_kd,303,all_support,0.2049335151590327,0.622478813305368,0.3292216711288609,0.0683111717196775
GROUP_complete,representation_kd,303,observation_support,0.2049335151590327,0.622478813305368,0.3292216711288609,0.0683111717196775
GROUP_complete,representation_kd,303,radiation,0.203988185492895,0.552067559703673,0.369498591081892,0.203988185492895
GROUP_complete,representation_kd,303,temperature,0.3075406064269363,0.7429407466547211,0.4139503827341573,0.1537703032134681
GROUP_complete,representation_kd,303,water_balance,0.2084938838917722,1.401039490182449,0.1488137096438819,0.052123470972943
GROUP_complete,supervised,101,all_physical,0.430006889586753,1.5834342477564214,0.2715659903123613,0.0614295556552504
GROUP_complete,supervised,101,all_support,0.2954567848367894,1.6317393784885237,0.1810686122622653,0.0984855949455964
GROUP_complete,supervised,101,observation_support,0.2954567848367894,1.6317393784885237,0.1810686122622653,0.0984855949455964
GROUP_complete,supervised,101,radiation,0.4841183525450686,0.7239055834057846,0.6687589702882948,0.4841183525450686
GROUP_complete,supervised,101,temperature,0.1755396267201038,0.6707671208985636,0.2616998079522564,0.0877698133600519
GROUP_complete,supervised,101,water_balance,0.4314034264138404,1.1630238840804317,0.3709325597853626,0.1078508566034601
GROUP_complete,supervised,202,all_physical,0.3108164611070052,2.4301079971407726,0.1279023242887061,0.044402351586715
GROUP_complete,supervised,202,all_support,0.5901353639105092,1.2621859298543618,0.4675502633578991,0.1967117879701697
GROUP_complete,supervised,202,observation_support,0.5901353639105092,1.2621859298543618,0.4675502633578991,0.1967117879701697
GROUP_complete,supervised,202,radiation,0.1114176335542098,0.7856338525079706,0.1418187788094806,0.1114176335542098
GROUP_complete,supervised,202,temperature,0.168181850599206,1.528375431380976,0.1100396192885238,0.084090925299603
GROUP_complete,supervised,202,water_balance,0.2422940430433854,1.5858598808295632,0.152784017032128,0.0605735107608463
GROUP_complete,supervised,303,all_physical,0.7403347928036925,1.7474744654062877,0.423659863110584,0.1057621132576703
GROUP_complete,supervised,303,all_support,0.2250683602466378,0.622478813305368,0.3615679046988945,0.0750227867488792
GROUP_complete,supervised,303,observation_support,0.2250683602466378,0.622478813305368,0.3615679046988945,0.0750227867488792
GROUP_complete,supervised,303,radiation,0.5224172210180631,0.552067559703673,0.9462921916613408,0.5224172210180631
GROUP_complete,supervised,303,temperature,0.2092468495010047,0.7429407466547211,0.2816467537187992,0.1046234247505023
GROUP_complete,supervised,303,water_balance,0.2664005307741062,1.401039490182449,0.1901449121460696,0.0666001326935265
SPATIAL_complete,combined_kd,101,all_physical,0.5495797511070005,4.647441150897773,0.1182542679428478,0.0785113930152857
SPATIAL_complete,combined_kd,101,all_support,0.6875168508098971,1.4602701610499995,0.4708148321780888,0.229172283603299
SPATIAL_complete,combined_kd,101,observation_support,0.6875168508098971,1.4602701610499995,0.4708148321780888,0.229172283603299
SPATIAL_complete,combined_kd,101,radiation,0.1342813545657742,1.958320449243252,0.0685696534587051,0.1342813545657742
SPATIAL_complete,combined_kd,101,temperature,0.9454032067329652,2.145152565416429,0.4407160693248861,0.4727016033664826
SPATIAL_complete,combined_kd,101,water_balance,0.2627958982221542,3.555538532609975,0.0739117002422619,0.0656989745555385
SPATIAL_complete,combined_kd,202,all_physical,0.4045247570160896,4.647441150897773,0.0870424700133875,0.0577892510022985
SPATIAL_complete,combined_kd,202,all_support,0.6762930193255025,1.4602701610499995,0.4631286986229687,0.2254310064418341
SPATIAL_complete,combined_kd,202,observation_support,0.6762930193255025,1.4602701610499995,0.4631286986229687,0.2254310064418341
SPATIAL_complete,combined_kd,202,radiation,0.398499188884612,1.958320449243252,0.2034902863003853,0.398499188884612
SPATIAL_complete,combined_kd,202,temperature,0.6705432861082016,2.145152565416429,0.3125853596234631,0.3352716430541008
SPATIAL_complete,combined_kd,202,water_balance,0.3304270313632104,3.555538532609975,0.0929330475067484,0.0826067578408026
SPATIAL_complete,combined_kd,303,all_physical,0.9393560001927036,4.647441150897773,0.2021232694922969,0.1341937143132433
SPATIAL_complete,combined_kd,303,all_support,0.752297293755316,1.4602701610499995,0.515176789761879,0.2507657645851053
SPATIAL_complete,combined_kd,303,observation_support,0.752297293755316,1.4602701610499995,0.515176789761879,0.2507657645851053
SPATIAL_complete,combined_kd,303,radiation,0.5582396964873036,1.958320449243252,0.2850604438628711,0.5582396964873036
SPATIAL_complete,combined_kd,303,temperature,1.0702084725902927,2.145152565416429,0.4988962043275644,0.5351042362951464
SPATIAL_complete,combined_kd,303,water_balance,1.143363098944387,3.555538532609975,0.321572411171359,0.2858407747360967
SPATIAL_complete,missing_aware,101,all_physical,0.8080052906467069,4.647441150897773,0.1738602522143709,0.1154293272352438
SPATIAL_complete,missing_aware,101,all_support,0.3105454444885254,1.4602701610499995,0.2126630076896296,0.1035151481628418
SPATIAL_complete,missing_aware,101,observation_support,0.3105454444885254,1.4602701610499995,0.2126630076896296,0.1035151481628418
SPATIAL_complete,missing_aware,101,radiation,0.4738722462807932,1.958320449243252,0.2419789092554634,0.4738722462807932
SPATIAL_complete,missing_aware,101,temperature,1.05075196296938,2.145152565416429,0.4898262155843038,0.52537598148469
SPATIAL_complete,missing_aware,101,water_balance,0.4974942245791035,3.555538532609975,0.1399209205627068,0.1243735561447758
SPATIAL_complete,missing_aware,202,all_physical,0.9362139663388652,4.647441150897773,0.201447191247986,0.1337448523341236
SPATIAL_complete,missing_aware,202,all_support,0.5022250183166996,1.4602701610499995,0.3439260978634484,0.1674083394388998
SPATIAL_complete,missing_aware,202,observation_support,0.5022250183166996,1.4602701610499995,0.3439260978634484,0.1674083394388998
SPATIAL_complete,missing_aware,202,radiation,0.9668863511854604,1.958320449243252,0.4937324489250968,0.9668863511854604
SPATIAL_complete,missing_aware,202,temperature,1.1315090656280518,2.145152565416429,0.527472536857941,0.5657545328140259
SPATIAL_complete,missing_aware,202,water_balance,0.6912277706207768,3.555538532609975,0.1944087412584389,0.1728069426551942
SPATIAL_complete,missing_aware,303,all_physical,1.7680507552239202,4.647441150897773,0.3804353186660567,0.2525786793177029
SPATIAL_complete,missing_aware,303,all_support,0.2995690491891676,1.4602701610499995,0.2051463196190757,0.0998563497297225
SPATIAL_complete,missing_aware,303,observation_support,0.2995690491891676,1.4602701610499995,0.2051463196190757,0.0998563497297225
SPATIAL_complete,missing_aware,303,radiation,1.1663118427799597,1.958320449243252,0.5955674124886244,1.1663118427799597
SPATIAL_complete,missing_aware,303,temperature,0.7668664378504599,2.145152565416429,0.357488064118756,0.3834332189252299
SPATIAL_complete,missing_aware,303,water_balance,0.6637066871889176,3.555538532609975,0.1866683994847697,0.1659266717972294
SPATIAL_complete,prediction_kd,101,all_physical,1.122442787693393,4.647441150897773,0.2415184509601208,0.1603489696704847
SPATIAL_complete,prediction_kd,101,all_support,0.4602371608057329,1.4602701610499995,0.3151726119463309,0.1534123869352443
SPATIAL_complete,prediction_kd,101,observation_support,0.4602371608057329,1.4602701610499995,0.3151726119463309,0.1534123869352443
SPATIAL_complete,prediction_kd,101,radiation,0.5661166060355401,1.958320449243252,0.2890827220100846,0.5661166060355401
SPATIAL_complete,prediction_kd,101,temperature,1.1294886412159089,2.145152565416429,0.5265306810455784,0.5647443206079544
SPATIAL_complete,prediction_kd,101,water_balance,0.7429002446513022,3.555538532609975,0.2089416941589888,0.1857250611628255
SPATIAL_complete,prediction_kd,202,all_physical,0.7777919923105547,4.647441150897773,0.1673591912315311,0.1111131417586506
SPATIAL_complete,prediction_kd,202,all_support,1.5558059446273311,1.4602701610499995,1.0654233621452427,0.5186019815424437
SPATIAL_complete,prediction_kd,202,observation_support,1.5558059446273311,1.4602701610499995,1.0654233621452427,0.5186019815424437
SPATIAL_complete,prediction_kd,202,radiation,1.8810799352584344,1.958320449243252,0.9605577759167934,1.8810799352584344
SPATIAL_complete,prediction_kd,202,temperature,1.3721354161539383,2.145152565416429,0.6396446752899982,0.6860677080769692
SPATIAL_complete,prediction_kd,202,water_balance,0.9015972075923796,3.555538532609975,0.2535754286792387,0.2253993018980949
SPATIAL_complete,prediction_kd,303,all_physical,0.9183412771071156,4.647441150897773,0.1976014859122028,0.1311916110153022
SPATIAL_complete,prediction_kd,303,all_support,0.3394391594394561,1.4602701610499995,0.2324495620694951,0.1131463864798186
SPATIAL_complete,prediction_kd,303,observation_support,0.3394391594394561,1.4602701610499995,0.2324495620694951,0.1131463864798186
SPATIAL_complete,prediction_kd,303,radiation,0.4603169214340948,1.958320449243252,0.2350569957086127,0.4603169214340948
SPATIAL_complete,prediction_kd,303,temperature,0.7594414391825276,2.145152565416429,0.3540267724662961,0.3797207195912638
SPATIAL_complete,prediction_kd,303,water_balance,0.6724021953921164,3.555538532609975,0.1891140228758382,0.1681005488480291
SPATIAL_complete,representation_kd,101,all_physical,0.4900275122734808,4.647441150897773,0.1054402834511877,0.0700039303247829
SPATIAL_complete,representation_kd,101,all_support,0.2123755601144606,1.4602701610499995,0.1454358007025273,0.0707918533714868
SPATIAL_complete,representation_kd,101,observation_support,0.2123755601144606,1.4602701610499995,0.1454358007025273,0.0707918533714868
SPATIAL_complete,representation_kd,101,radiation,0.2868997666143602,1.958320449243252,0.146502972342999,0.2868997666143602
SPATIAL_complete,representation_kd,101,temperature,0.2171166020054971,2.145152565416429,0.1012126622160545,0.1085583010027485
SPATIAL_complete,representation_kd,101,water_balance,0.2734063363844348,3.555538532609975,0.0768959002628672,0.0683515840961087
SPATIAL_complete,representation_kd,202,all_physical,1.086903601884842,4.647441150897773,0.2338714072096737,0.155271943126406
SPATIAL_complete,representation_kd,202,all_support,0.5186395299050116,1.4602701610499995,0.3551668340135988,0.1728798433016705
SPATIAL_complete,representation_kd,202,observation_support,0.5186395299050116,1.4602701610499995,0.3551668340135988,0.1728798433016705
SPATIAL_complete,representation_kd,202,radiation,0.8265708127329426,1.958320449243252,0.4220814898051694,0.8265708127329426
SPATIAL_complete,representation_kd,202,temperature,0.6113191919942056,2.145152565416429,0.2849770230096654,0.3056595959971028
SPATIAL_complete,representation_kd,202,water_balance,1.0004489796776923,3.555538532609975,0.2813776226868851,0.2501122449194231
SPATIAL_complete,representation_kd,303,all_physical,0.8995921611785889,4.647441150897773,0.1935671979417353,0.1285131658826555
SPATIAL_complete,representation_kd,303,all_support,0.6678680373776343,1.4602701610499995,0.4573592306350696,0.2226226791258781
SPATIAL_complete,representation_kd,303,observation_support,0.6678680373776343,1.4602701610499995,0.4573592306350696,0.2226226791258781
SPATIAL_complete,representation_kd,303,radiation,0.731492773179085,1.958320449243252,0.3735306821012771,0.731492773179085
SPATIAL_complete,representation_kd,303,temperature,1.4519349221260316,2.145152565416429,0.676844596292617,0.7259674610630158
SPATIAL_complete,representation_kd,303,water_balance,0.3261635457315752,3.555538532609975,0.0917339364318631,0.0815408864328938
SPATIAL_complete,supervised,101,all_physical,0.4155020444623886,4.647441150897773,0.0894044767800952,0.0593574349231983
SPATIAL_complete,supervised,101,all_support,0.4651157356077625,1.4602701610499995,0.318513483335854,0.1550385785359208
SPATIAL_complete,supervised,101,observation_support,0.4651157356077625,1.4602701610499995,0.318513483335854,0.1550385785359208
SPATIAL_complete,supervised,101,radiation,0.3320933118943245,1.958320449243252,0.1695806792103329,0.3320933118943245
SPATIAL_complete,supervised,101,temperature,0.3554023734984859,2.145152565416429,0.1656769682623144,0.1777011867492429
SPATIAL_complete,supervised,101,water_balance,0.5407570523600425,3.555538532609975,0.1520886491315684,0.1351892630900106
SPATIAL_complete,supervised,202,all_physical,0.8539310155376312,4.647441150897773,0.1837421901238036,0.1219901450768044
SPATIAL_complete,supervised,202,all_support,1.3620703028094383,1.4602701610499995,0.9327522667648814,0.4540234342698128
SPATIAL_complete,supervised,202,observation_support,1.3620703028094383,1.4602701610499995,0.9327522667648814,0.4540234342698128
SPATIAL_complete,supervised,202,radiation,1.018908400689402,1.958320449243252,0.520297074507196,1.018908400689402
SPATIAL_complete,supervised,202,temperature,1.114399467745135,2.145152565416429,0.5194966016453388,0.5571997338725675
SPATIAL_complete,supervised,202,water_balance,0.844680666923523,3.555538532609975,0.237567574975271,0.2111701667308807
SPATIAL_complete,supervised,303,all_physical,0.9719966842282204,4.647441150897773,0.2091466363248612,0.13885666917546
SPATIAL_complete,supervised,303,all_support,0.4819404877001239,1.4602701610499995,0.3300351541479537,0.1606468292333746
SPATIAL_complete,supervised,303,observation_support,0.4819404877001239,1.4602701610499995,0.3300351541479537,0.1606468292333746
SPATIAL_complete,supervised,303,radiation,1.2929937743371531,1.958320449243252,0.660256483986643,1.2929937743371531
SPATIAL_complete,supervised,303,temperature,0.9714938978995046,2.145152565416429,0.4528786966303535,0.4857469489497523
SPATIAL_complete,supervised,303,water_balance,0.2835650674758418,3.555538532609975,0.079753057061544,0.0708912668689604
