study_component,dataset_and_unit,deployment_setting,methods,main_observation,role_in_paper,limitation
Early split-selection inventory,Heterogeneous earlier study set; Track-specific; not pooled,Random versus deployment-oriented axes,"HGB, RF, Gate, Oracle, Best single",Deployment-oriented partitions can change the model selected by an interpolation-oriented comparison.,Motivating evidence,"Datasets, model sets, split axes, and native metrics differ; diagnostic and oracle comparisons are reported separately."
US-maize to Australian-wheat transfer,CY-Bench regional crop-year target; Australian wheat region-year,GROUP complete; SPATIAL complete,"Scratch, supervised, prediction, representation, combined, missing-aware",Prediction KD improves over the fixed scratch reference under SPATIAL and shows negative transfer under GROUP.,Primary evidence,Three transferred runs use one fixed SPATIAL scratch reference; absolute SPATIAL R2 remains negative.
Common-sample attribution and linkage,CY-Bench Australian wheat transfer; sample_id cluster after seed collapse,GROUP complete; SPATIAL complete,Supervised reference and four non-supervised routes,Information-use changes depend on route and contract; one pooled attribution--error association survives family correction.,Primary evidence,Attribution is background-dependent and does not identify causal feature effects.
"Perturbation, OOD, IG, and Taylor checks",CY-Bench Australian wheat transfer; route-contract-seed cell or qualified sample cluster,GROUP complete; SPATIAL complete,All retained transfer routes,Attribution and finite stress rankings align weakly; perturbations move inputs away from well-represented training regions.,Secondary validity analysis,"Finite replacement is distribution-shifting, and Taylor is usable only on the small fidelity-qualified subset."
Local missing-modality random forests,CY-Bench Australian wheat; target-test observation,"Locked complete, 15% random-missing, no-weather settings","Joint-feature RF, branch average, single-modality controls",A joint-feature RF is the strongest local configuration in the retained missing-modality comparison.,Secondary or boundary evidence,"This supports a local configuration comparison, not a new fusion algorithm."
Privileged-information teacher--student,CY-Bench Australian wheat; target-test observation,GROUP no-soil and supplementary complete setting,"Observed target, pseudo target, fixed blend",Teacher supervision is run-sensitive and does not support a stable component-level claim.,Secondary or boundary evidence,All runs are retained and the teacher effect is not stable.
Roseworthy E5,Roseworthy within-paddock and historical views; point-level or rolling historical observation,View-specific; not regional transfer,Secondary local models,Within-paddock results provide an Australian secondary case.,Secondary or boundary evidence,"The sample unit differs from the regional target, and exact cleaned-file correspondence remains unresolved."
Waite historical case,Waite trial long-history view; single-station historical trial observation,Temporal forward and diagnostic plot-group,"Naive, ridge, RF, HGB variants",The long-history view provides a boundary case with weakly varying soil descriptors.,Secondary or boundary evidence,The single-station setting and near-constant soil descriptors limit generalisation.
Brazilian CY-Bench cases,Brazilian crop-yield target cases; CY-Bench regional crop-year,Historical case-specific protocol,Not retained as a primary comparison,The historical cases motivate cross-country questions but do not enter the primary quantitative comparison.,Secondary or boundary evidence,No compatible row-level headline result is used in the final comparison.
