state,year,production_kt,area_kha,observed_yield_t_ha,growing_season_rainfall_mm,rainfall_day_count,mean_max_temp_c,mean_min_temp_c,extreme_heat_days,frost_days,water_balance_proxy_mm
South Australia,1890.0,396.5,745.8,0.531644,503.09999999999997,115,18.46869158878505,9.602803738317757,0,0,-73.70000000000002
South Australia,1891.0,255.7,677.3,0.377528,277.3,100,18.43177570093458,9.235514018691589,0,0,-298.4
South Australia,1892.0,175.1,628.3,0.278689,433.1,110,18.233644859813083,9.253738317757009,0,0,-136.0
South Australia,1893.0,251.3,615.4,0.408352,510.7,124,18.153271028037384,9.524766355140187,0,0,-66.0
South Australia,1894.0,370.4,701.2,0.528237,475.7,113,18.121028037383176,9.544859813084111,0,0,-95.3
South Australia,1895.0,211.6,638.2,0.331558,424.8,108,18.534579439252337,9.574299065420561,0,0,-172.29999999999998
South Australia,1896.0,161.3,571.0,0.282487,259.7,90,18.176168224299065,9.063551401869159,0,0,-329.6
South Australia,1897.0,76.3,685.4,0.111322,309.8,89,18.260280373831776,9.521028037383177,0,0,-281.8
South Australia,1898.0,109.2,616.2,0.177215,472.7,101,18.232710280373833,9.618691588785047,0,0,-121.10000000000001
South Australia,1899.0,238.8,723.9,0.32988,343.3,84,18.269158878504673,9.27196261682243,0,0,-247.1
South Australia,1900.0,229.9,737.0,0.31194,427.7,125,17.578971962616823,9.317757009345794,0,0,-133.1
South Australia,1901.0,306.1,774.3,0.395325,382.6,101,18.05,9.27803738317757,0,0,-211.5
South Australia,1902.0,217.9,705.6,0.308815,299.0,96,18.97429906542056,9.439719626168223,0,0,-326.6
South Australia,1903.0,172.9,706.9,0.244589,458.4,107,18.147196261682243,9.215420560747663,0,0,-122.0
South Australia,1904.0,359.3,692.5,0.518845,444.2,106,18.742056074766356,8.992056074766355,0,0,-152.9
South Australia,1905.0,327.0,744.7,0.439103,549.2,125,17.905140186915887,8.65981308411215,0,0,-16.19999999999999
South Australia,1906.0,547.9,711.1,0.770496,553.5,116,18.367289719626168,9.94158878504673,0,0,-24.099999999999998
South Australia,1907.0,475.1,682.5,0.696117,435.1,110,18.367289719626168,9.321495327102804,0,0,-167.7
South Australia,1908.0,520.5,709.7,0.733408,600.0,112,17.47429906542056,8.958878504672898,0,0,25.5
South Australia,1909.0,527.6,685.4,0.769769,650.6,123,17.189252336448597,9.116822429906541,0,0,93.89999999999999
South Australia,1910.0,683.6,767.2,0.891032,512.6,119,17.97196261682243,9.866822429906541,0,0,-50.499999999999986
South Australia,1911.0,662.2,851.8,0.777413,341.5,107,18.22196261682243,9.589719626168224,0,0,-244.3
South Australia,1912.0,553.6,886.6,0.624408,417.3,95,18.335981308411217,9.603271028037383,0,0,-178.9
South Australia,1913.0,584.7,841.6,0.694748,305.9,83,18.44859813084112,9.571495327102804,0,0,-296.0
South Australia,1914.0,460.7,917.8,0.501961,181.8,72,19.766355140186917,9.916355140186916,0,0,-473.1
South Australia,1915.0,95.9,1012.8,0.094688,498.0,106,17.920093457943924,10.105607476635514,0,0,-76.5
South Australia,1916.0,928.5,1108.5,0.837618,601.0,114,17.594859813084113,9.700467289719626,0,0,41.099999999999994
South Australia,1917.0,1244.3,1124.4,1.106635,581.6,116,17.43644859813084,9.544859813084111,0,0,33.2
South Australia,1918.0,780.4,953.3,0.81863,419.9,98,18.4785046728972,9.906074766355141,0,0,-171.1
South Australia,1919.0,623.9,884.8,0.705131,355.6,87,19.176168224299065,9.776635514018691,1,0,-270.8
South Australia,1920.0,407.5,779.8,0.52257,565.2,103,17.84626168224299,9.589719626168224,0,0,1.4000000000000057
South Australia,1921.0,931.8,877.2,1.062244,451.6,83,19.105607476635512,10.202803738317757,0,0,-151.9
South Australia,1922.0,678.5,964.8,0.703255,484.6,105,18.204205607476634,9.571495327102804,1,0,-100.9
South Australia,1923.0,782.9,992.8,0.788578,760.2,120,18.41728971962617,10.201401869158879,0,0,171.6
South Australia,1924.0,939.8,978.7,0.960253,479.6,116,18.017289719626167,9.160747663551403,0,0,-99.4
South Australia,1925.0,830.4,1011.7,0.820797,380.2,106,18.203738317757008,9.314953271028038,0,0,-221.5
South Australia,1926.0,778.0,997.8,0.779715,564.5,114,18.322897196261682,9.853738317757008,0,0,-29.100000000000005
South Australia,1927.0,967.2,1120.4,0.863263,338.4,85,18.241121495327103,9.122429906542056,0,0,-275.0
South Australia,1928.0,654.6,1190.4,0.549899,395.7,90,18.851401869158877,9.849532710280375,0,0,-224.8
South Australia,1929.0,729.7,1394.4,0.523308,303.5,91,17.69859813084112,8.962616822429906,0,0,-300.0
South Australia,1930.0,635.0,1475.4,0.430392,435.2,99,18.867757009345794,9.987383177570095,0,0,-171.9
South Australia,1931.0,948.5,1691.8,0.560645,477.1,117,17.450934579439252,9.589252336448597,0,0,-88.1
South Australia,1932.0,1308.1,1647.7,0.793895,530.7,119,17.629906542056077,9.729439252336448,0,0,-10.900000000000004
South Australia,1933.0,1154.1,1645.8,0.70124,429.9,95,18.24018691588785,9.389252336448598,1,0,-141.9
South Australia,1934.0,962.2,1546.7,0.622099,367.2,93,18.97710280373832,9.735046728971964,0,0,-241.6
South Australia,1935.0,746.5,1290.3,0.578548,440.1,117,18.28411214953271,9.9303738317757,0,0,-144.0
South Australia,1936.0,859.9,1209.8,0.710779,319.2,95,18.26448598130841,9.674299065420561,0,0,-286.59999999999997
South Australia,1937.0,781.0,1237.7,0.631009,371.0,92,18.442056074766356,9.878504672897197,0,0,-232.2
South Australia,1938.0,1181.3,1279.5,0.923251,366.2,90,18.716822429906543,9.819158878504673,1,0,-265.5
South Australia,1939.0,861.5,1246.6,0.69108,423.40000000000003,102,18.370560747663554,9.825233644859813,0,0,-152.6
South Australia,1940.0,1117.2,1106.7,1.009488,316.0,97,18.54018691588785,9.368224299065421,1,0,-307.3
South Australia,1941.0,485.7,1036.2,0.468732,426.2,101,18.255140186915888,10.168691588785046,0,0,-162.7
South Australia,1942.0,829.9,941.2,0.881747,579.7,108,18.36682242990654,10.30841121495327,0,0,-5.300000000000009
South Australia,1943.0,993.5,813.0,1.222017,346.2,113,17.10841121495327,8.826635514018692,0,0,-204.6
South Australia,1944.0,562.8,620.7,0.906718,319.0,84,17.95280373831776,9.3196261682243,0,0,-273.8
South Australia,1945.0,251.4,656.9,0.382707,314.2,79,18.392990654205608,9.530841121495326,0,0,-269.0
South Australia,1946.0,572.1,876.2,0.652933,384.1,98,17.58271028037383,8.846728971962618,0,0,-187.9
South Australia,1947.0,759.0,1019.4,0.744556,438.09999999999997,106,18.08551401869159,9.959345794392524,0,0,-124.1
South Australia,1948.0,884.7,961.1,0.920508,503.9,100,17.98317757009346,9.404672897196262,0,0,-76.4
South Australia,1949.0,710.9,834.9,0.851479,333.0,87,17.80841121495327,8.995794392523363,0,0,-223.20000000000002
South Australia,1950.0,771.1,767.4,1.004821,358.6,82,18.59906542056075,9.77803738317757,0,0,-222.5
South Australia,1951.0,841.5,747.8,1.125301,602.5,116,17.294859813084113,9.758878504672898,0,0,65.5
South Australia,1952.0,742.6,652.8,1.137561,438.40000000000003,111,17.25607476635514,8.9892523364486,0,0,-103.7
South Australia,1953.0,922.6,624.8,1.476633,449.9,101,18.10233644859813,9.558878504672897,0,0,-139.2
South Australia,1954.0,827.1,618.5,1.337268,357.4,105,18.309345794392524,9.76355140186916,0,0,-238.6
South Australia,1955.0,855.8,683.6,1.251902,551.8,120,17.714018691588787,9.718224299065419,0,0,-3.7999999999999967
South Australia,1956.0,785.8,651.2,1.206695,658.5,145,16.79532710280374,9.456542056074767,0,0,145.1
South Australia,1957.0,855.0,582.1,1.46882,368.1,105,18.331308411214955,8.217289719626168,0,0,-229.4
South Australia,1958.0,405.7,538.8,0.75297,456.6,109,17.380841121495326,8.3303738317757,0,5,-81.5
South Australia,1959.0,871.3,569.6,1.52967,159.9,74,18.766355140186917,7.952803738317757,0,2,-462.6
South Australia,1960.0,324.5,627.1,0.517461,434.4,119,16.412616822429907,7.796728971962617,0,0,-93.89999999999999
South Australia,1961.0,1262.0,797.0,1.583438,350.7,115,18.82803738317757,8.935514018691588,0,0,-260.8
South Australia,1962.0,920.8,902.1,1.020729,390.6,110,18.14018691588785,8.983644859813085,0,0,-208.2
South Australia,1963.0,1042.8,1050.2,0.992954,558.7,105,17.880373831775703,9.223364485981309,0,0,-21.400000000000002
South Australia,1964.0,1468.0,1134.1,1.294418,480.7,129,17.66822429906542,9.122429906542056,0,0,-83.9
South Australia,1965.0,1436.6,1103.5,1.301858,310.8,105,18.223831775700933,9.24158878504673,0,0,-287.6
South Australia,1966.0,1087.4,1110.8,0.978934,362.8,106,17.365420560747662,8.941121495327103,0,0,-205.4
South Australia,1967.0,1463.8,1198.0,1.22187,211.3,85,19.27289719626168,9.323831775700935,0,0,-442.9
South Australia,1968.0,731.7,1159.1,0.631266,449.1,131,17.16588785046729,9.129439252336448,0,0,-92.3
South Australia,1969.0,2262.0,1517.0,1.491101,347.9,93,18.020093457943926,9.15,0,0,-245.4
South Australia,1970.0,1609.1,1299.0,1.238722,389.5,128,17.424299065420563,9.237383177570093,0,0,-251.2
South Australia,1971.0,789.6,802.3,0.984171,532.8,127,17.686915887850468,9.498598130841122,0,0,-66.60000000000001
South Australia,1972.0,1406.1,1068.6,1.315834,306.9,91,18.886915887850467,9.313551401869159,0,0,-383.2
South Australia,1973.0,815.0,986.1,0.826488,513.4,117,18.514018691588785,9.950000000000001,0,0,-124.39999999999999
South Australia,1974.0,1795.0,1431.9,1.253579,510.1,128,17.457009345794393,9.733644859813085,0,0,-23.299999999999994
South Australia,1975.0,1485.6,1220.4,1.217306,390.59999999999997,122,18.199065420560746,9.917757009345795,0,0,-221.7
South Australia,1976.0,1139.0,958.5,1.188315,234.5,86,17.648598130841123,9.12429906542056,0,0,-413.0
South Australia,1977.0,831.9,839.1,0.991419,272.8,80,18.334579439252337,9.393457943925235,0,0,-348.2
South Australia,1978.0,510.8,1090.0,0.468624,500.4,97,17.77663551401869,9.231308411214954,0,0,-60.0
South Australia,1979.0,2085.7,1295.3,1.610206,533.2,105,17.79158878504673,9.54532710280374,0,0,1.7999999999999972
South Australia,1980.0,2349.6,1424.2,1.649768,435.0,91,19.278971962616822,10.283644859813084,0,0,-183.2
South Australia,1981.0,1650.4,1445.3,1.141908,527.8,95,18.69252336448598,9.857009345794394,0,0,-47.39999999999999
South Australia,1982.0,1694.7,1427.5,1.18718,273.40000000000003,88,18.517289719626167,8.945794392523364,0,2,-264.8
South Australia,1983.0,681.2,1398.0,0.487268,547.2,93,18.025233644859814,9.05841121495327,0,0,54.199999999999996
South Australia,1984.0,2590.3,1564.0,1.656202,394.8,98,18.01214953271028,9.070560747663551,0,0,-120.2
South Australia,1985.0,1899.6,1377.6,1.37892,420.6,94,18.385981308411214,9.245327102803738,0,0,-90.6
South Australia,1986.0,1793.1,1442.5,1.24305,550.6,105,17.81822429906542,9.240654205607477,1,0,51.89999999999999
South Australia,1987.0,2254.9,1616.3,1.3951,457.0,93,18.841588785046728,9.429906542056075,2,0,-60.300000000000004
South Australia,1988.0,1803.0,1555.6,1.159038,396.6,91,19.778971962616822,10.15373831775701,1,0,-154.0
South Australia,1989.0,1361.1,1520.0,0.895461,449.2,102,17.869158878504674,9.258878504672898,0,0,-37.2
South Australia,1990.0,2607.2,1556.6,1.674933,390.2,89,19.02289719626168,9.939252336448599,1,0,-154.6
South Australia,1991.0,2020.8,1447.8,1.395773,445.6,93,18.844392523364487,10.214953271028037,0,0,-96.4
South Australia,1992.0,2141.0,1296.8,1.650987,618.2,112,17.89018691588785,9.528504672897196,1,0,143.0
South Australia,1993.0,2421.2,1419.5,1.705671,350.4,83,19.355607476635516,9.882710280373832,0,0,-194.0
South Australia,1994.0,2121.1,1216.0,1.744326,272.8,83,18.51448598130841,9.380841121495328,0,0,-265.6
South Australia,1995.0,1487.4,1394.7,1.066466,412.4,92,17.982242990654203,9.687850467289719,0,0,-70.8
South Australia,1996.0,2724.0,1519.1,1.793167,502.4,107,18.05140186915888,9.54626168224299,0,0,-1.5999999999999988
South Australia,1997.0,2794.9,1534.9,1.8209,355.4,80,18.073831775700935,9.290654205607478,0,0,-131.4
South Australia,1998.0,2689.2,1438.5,1.869447,460.4,86,18.621495327102803,9.764485981308411,1,0,-27.400000000000002
South Australia,1999.0,3310.4,1762.1,1.878667,482.6,73,18.9088785046729,9.726635514018692,0,0,-74.89999999999999
South Australia,2000.0,2585.5,1850.0,1.397568,537.2,94,18.362616822429906,9.836915887850466,0,0,33.0
South Australia,2001.0,4162.4,1975.6,2.106904,579.4,96,18.3303738317757,9.528971962616822,0,0,104.60000000000001
South Australia,2002.0,4778.5,1986.6,2.405366,305.6,84,19.39766355140187,9.970560747663551,0,0,-219.7
South Australia,2003.0,2071.8,1956.5,1.058932,466.6,94,18.278971962616822,9.45747663551402,0,0,-12.6
South Australia,2004.0,3490.4,1959.5,1.781271,444.2,102,18.914018691588783,9.909345794392523,1,0,-62.8
South Australia,2005.0,2620.8,1979.2,1.324171,434.6,89,19.88177570093458,10.291588785046729,2,0,-90.0
South Australia,2006.0,3852.8,2034.9,1.893361,194.6,59,19.041121495327104,9.057476635514018,2,0,-357.0
South Australia,2007.0,1446.0,2172.5,0.665593,332.9,85,19.64392523364486,10.231308411214954,0,0,-318.5
South Australia,2008.0,2296.0,2120.8,1.08261,320.4,94,19.02663551401869,9.525233644859814,0,0,-282.5
South Australia,2009.0,2376.1,2103.9,1.129379,433.40000000000003,93,18.979906542056074,10.357476635514018,0,0,-131.79999999999998
South Australia,2010.0,4001.3,2122.4,1.885271,448.5,93,18.33504672897196,9.701869158878504,0,0,-61.099999999999994
South Australia,2011.0,5948.7,2340.6,2.541528,355.8,88,19.094392523364487,10.176168224299065,0,0,-186.4
South Australia,2012.0,4524.80257,2249.06588,2.011859,391.8,91,18.8,9.401869158878505,0,0,-172.29999999999998
South Australia,2013.0,3678.96163,2118.73892,1.736392,442.9,95,19.827102803738317,10.909345794392523,0,0,-133.70000000000002
South Australia,2014.0,4254.31325,1926.8498,2.207911,376.0,79,19.927570093457945,10.392990654205606,3,0,-206.6
South Australia,2015.0,4602.08748,2045.00925,2.250399,329.0,94,18.848130841121495,9.590186915887852,2,0,-273.2
South Australia,2016.0,3679.34154,1769.70037,2.079076,575.2,110,18.877570093457944,9.902803738317756,0,0,-43.300000000000004
South Australia,2017.0,6132.504,2178.255,2.815329,364.8,93,19.31448598130841,9.646261682242992,0,0,-258.2
South Australia,2018.0,4051.954,1975.81,2.050781,340.2,86,19.666822429906542,10.021495327102803,4,0,-350.7
South Australia,2019.0,3024.52388,1820.81939,1.661078,334.3,82,19.448130841121493,9.764953271028036,3,0,-392.2
South Australia,2020.0,2689.07357,1720.94334,1.562558,375.7,89,18.54532710280374,9.155140186915888,0,1,-214.3
South Australia,2021.0,3982.20843,1830.97459,2.174912,359.4,92,18.807943925233644,9.107476635514018,0,0,-307.3
South Australia,2022.0,4750.112814,2008.064114,2.365519,399.6,117,18.054672897196262,9.718691588785047,0,0,-147.0
