contract,method,seed,perturbation_group,n_error_degraded,n_error_improved,n_unchanged,mean_delta_AE,median_delta_AE
GROUP_complete,combined_kd,101,all_physical,47,47,0,0.017880353055101765,-0.004626851081848127
GROUP_complete,combined_kd,101,all_support,67,25,2,0.6143791649595222,0.5662171840667725
GROUP_complete,combined_kd,101,observation_support,67,25,2,0.6143791649595222,0.5662171840667725
GROUP_complete,combined_kd,101,radiation,61,33,0,0.061153414178401866,0.055075764656066895
GROUP_complete,combined_kd,101,temperature,50,44,0,0.037382136385491566,0.005414843559265137
GROUP_complete,combined_kd,101,water_balance,43,51,0,-0.022738013511008407,-0.0274735689163208
GROUP_complete,combined_kd,202,all_physical,51,64,0,-0.043907248165296474,-0.040622638702392244
GROUP_complete,combined_kd,202,all_support,67,48,0,0.236698222176925,0.05549311637878418
GROUP_complete,combined_kd,202,observation_support,67,48,0,0.236698222176925,0.05549311637878418
GROUP_complete,combined_kd,202,radiation,78,37,0,0.12656214781222136,0.08133864402770996
GROUP_complete,combined_kd,202,temperature,58,57,0,0.00844484775377357,0.0019872188568115234
GROUP_complete,combined_kd,202,water_balance,56,59,0,-0.0058330964461616895,-0.006811618804931641
GROUP_complete,combined_kd,303,all_physical,63,30,0,0.18899271187731015,0.2111142873764038
GROUP_complete,combined_kd,303,all_support,50,43,0,-0.005179035166258461,0.007457733154296875
GROUP_complete,combined_kd,303,observation_support,50,43,0,-0.005179035166258461,0.007457733154296875
GROUP_complete,combined_kd,303,radiation,61,32,0,0.03703385478194043,0.021139144897460938
GROUP_complete,combined_kd,303,temperature,43,50,0,-0.04530207603208482,-0.0029582977294921875
GROUP_complete,combined_kd,303,water_balance,68,25,0,0.2402193219687349,0.2541837692260742
GROUP_complete,missing_aware,101,all_physical,48,46,0,0.09454518838638956,0.07448024511337259
GROUP_complete,missing_aware,101,all_support,55,37,2,0.15509585989282484,0.08994501829147339
GROUP_complete,missing_aware,101,observation_support,55,37,2,0.15509585989282484,0.08994501829147339
GROUP_complete,missing_aware,101,radiation,49,45,0,0.05642889569668061,0.002661466598510742
GROUP_complete,missing_aware,101,temperature,49,45,0,-0.003132265364870116,0.003510892391204834
GROUP_complete,missing_aware,101,water_balance,49,45,0,-0.018266865121557358,0.01202968597412113
GROUP_complete,missing_aware,202,all_physical,47,68,0,-0.12342092445207678,-0.055051445960998535
GROUP_complete,missing_aware,202,all_support,67,48,0,0.11496077027528183,0.06778837108612024
GROUP_complete,missing_aware,202,observation_support,67,48,0,0.11496077027528183,0.06778837108612024
GROUP_complete,missing_aware,202,radiation,69,46,0,0.06780027537138565,0.02463376522064209
GROUP_complete,missing_aware,202,temperature,67,48,0,0.19224666660972267,0.06870663166046143
GROUP_complete,missing_aware,202,water_balance,50,65,0,-0.0041906152891076145,-0.02524280548095703
GROUP_complete,missing_aware,303,all_physical,58,35,0,0.24290209973242977,0.10009384155273438
GROUP_complete,missing_aware,303,all_support,41,52,0,-0.03629304268539593,-0.01542353630065918
GROUP_complete,missing_aware,303,observation_support,41,52,0,-0.03629304268539593,-0.01542353630065918
GROUP_complete,missing_aware,303,radiation,60,33,0,0.05345168480821836,0.06461882591247559
GROUP_complete,missing_aware,303,temperature,48,45,0,-0.01881273074816632,0.0014731884002685547
GROUP_complete,missing_aware,303,water_balance,59,34,0,0.10358788937394336,0.13582873344421387
GROUP_complete,prediction_kd,101,all_physical,41,53,0,-0.5284332737212485,-0.10113340616226196
GROUP_complete,prediction_kd,101,all_support,47,45,2,-0.2997706316481245,0.04717302322387695
GROUP_complete,prediction_kd,101,observation_support,47,45,2,-0.2997706316481245,0.04717302322387695
GROUP_complete,prediction_kd,101,radiation,51,43,0,0.009317224157617453,0.005326688289642334
GROUP_complete,prediction_kd,101,temperature,63,31,0,0.2069671315183031,0.27395176887512207
GROUP_complete,prediction_kd,101,water_balance,36,58,0,-0.30647804841843057,-0.27819138765335083
GROUP_complete,prediction_kd,202,all_physical,67,48,0,0.1286058295312135,0.10889718055725117
GROUP_complete,prediction_kd,202,all_support,77,38,0,0.1850355059623718,0.19995808601379395
GROUP_complete,prediction_kd,202,observation_support,77,38,0,0.1850355059623718,0.19995808601379395
GROUP_complete,prediction_kd,202,radiation,95,20,0,0.19404252246359122,0.19357752799987793
GROUP_complete,prediction_kd,202,temperature,61,54,0,-0.018479282843548314,0.005943775177001953
GROUP_complete,prediction_kd,202,water_balance,54,61,0,-0.03240898311656453,-0.020491838455200195
GROUP_complete,prediction_kd,303,all_physical,52,41,0,0.15901882594118835,0.03571808338165283
GROUP_complete,prediction_kd,303,all_support,35,58,0,-0.01340995549642912,-0.037796974182128906
GROUP_complete,prediction_kd,303,observation_support,35,58,0,-0.01340995549642912,-0.037796974182128906
GROUP_complete,prediction_kd,303,radiation,54,39,0,0.05039889691465645,0.02150702476501465
GROUP_complete,prediction_kd,303,temperature,33,60,0,-0.06334341711639077,-0.05825924873352051
GROUP_complete,prediction_kd,303,water_balance,68,25,0,0.3250593792084725,0.3960599899291992
GROUP_complete,representation_kd,101,all_physical,56,38,0,0.1305716218948364,0.11596357822418213
GROUP_complete,representation_kd,101,all_support,50,42,2,0.09293216175728655,0.1095124444961546
GROUP_complete,representation_kd,101,observation_support,50,42,2,0.09293216175728655,0.1095124444961546
GROUP_complete,representation_kd,101,radiation,50,44,0,0.05339728372655017,0.022109794616699263
GROUP_complete,representation_kd,101,temperature,56,38,0,0.06453729065428389,0.06998550891876221
GROUP_complete,representation_kd,101,water_balance,49,45,0,-0.02064983485607391,0.01612544059753418
GROUP_complete,representation_kd,202,all_physical,35,80,0,-0.22914629932901132,-0.23746883869171143
GROUP_complete,representation_kd,202,all_support,67,48,0,0.13589929900791337,0.12648999691009521
GROUP_complete,representation_kd,202,observation_support,67,48,0,0.13589929900791337,0.12648999691009521
GROUP_complete,representation_kd,202,radiation,67,48,0,0.22444421599014946,0.0626840591430664
GROUP_complete,representation_kd,202,temperature,60,55,0,0.046134241220225476,0.01013493537902832
GROUP_complete,representation_kd,202,water_balance,60,55,0,-0.0006504470493482481,0.027629733085632324
GROUP_complete,representation_kd,303,all_physical,56,37,0,0.02951226023192048,0.07858490943908691
GROUP_complete,representation_kd,303,all_support,30,63,0,-0.08787806917005969,-0.05676746368408203
GROUP_complete,representation_kd,303,observation_support,30,63,0,-0.08787806917005969,-0.05676746368408203
GROUP_complete,representation_kd,303,radiation,66,27,0,0.10793992852651944,0.05794072151184082
GROUP_complete,representation_kd,303,temperature,35,58,0,-0.13225029014259257,-0.09597659111022949
GROUP_complete,representation_kd,303,water_balance,64,29,0,0.12082010002546413,0.08869099617004395
GROUP_complete,supervised,101,all_physical,38,56,0,-0.10303103146654495,-0.06548315286636353
GROUP_complete,supervised,101,all_support,31,61,2,-0.1576703837577333,-0.04706621170043945
GROUP_complete,supervised,101,observation_support,31,61,2,-0.1576703837577333,-0.04706621170043945
GROUP_complete,supervised,101,radiation,50,44,0,-0.055102663303943394,0.007894504070282027
GROUP_complete,supervised,101,temperature,46,48,0,-0.022792771775671777,-0.0064814090728759766
GROUP_complete,supervised,101,water_balance,46,48,0,-0.032321236143720906,-0.003126859664916992
GROUP_complete,supervised,202,all_physical,68,47,0,0.061736092285487966,0.08628559112548828
GROUP_complete,supervised,202,all_support,85,30,0,0.2253723509332408,0.08331699752807609
GROUP_complete,supervised,202,observation_support,85,30,0,0.2253723509332408,0.08331699752807609
GROUP_complete,supervised,202,radiation,68,47,0,0.026329775238037104,0.021570682525634766
GROUP_complete,supervised,202,temperature,45,70,0,-0.04362442995154339,-0.009680509567260742
GROUP_complete,supervised,202,water_balance,64,51,0,0.04478486959208613,0.03237342834472656
GROUP_complete,supervised,303,all_physical,59,34,0,0.3239169890906221,0.09681117534637451
GROUP_complete,supervised,303,all_support,38,55,0,-0.010818516505661834,-0.020402908325195312
GROUP_complete,supervised,303,observation_support,38,55,0,-0.010818516505661834,-0.020402908325195312
GROUP_complete,supervised,303,radiation,60,33,0,0.1669943291141141,0.06971025466918945
GROUP_complete,supervised,303,temperature,42,51,0,-0.030047069190650862,-0.011181116104125977
GROUP_complete,supervised,303,water_balance,45,48,0,-0.01954298334224249,-0.02623278713226318
SPATIAL_complete,combined_kd,101,all_physical,19,12,0,0.14109635297713743,0.43194854259490967
SPATIAL_complete,combined_kd,101,all_support,15,16,0,-0.020958909250074813,-0.055840373039245605
SPATIAL_complete,combined_kd,101,observation_support,15,16,0,-0.020958909250074813,-0.055840373039245605
SPATIAL_complete,combined_kd,101,radiation,9,22,0,-0.062200374326398286,-0.05695641040802002
SPATIAL_complete,combined_kd,101,temperature,16,15,0,0.6342271384577598,0.17664825916290283
SPATIAL_complete,combined_kd,101,water_balance,10,21,0,-0.10196556512771111,-0.1640392541885376
SPATIAL_complete,combined_kd,202,all_physical,21,10,0,0.11404037229476437,0.0935525894165039
SPATIAL_complete,combined_kd,202,all_support,16,15,0,0.008278765893751582,0.022156999588013093
SPATIAL_complete,combined_kd,202,observation_support,16,15,0,0.008278765893751582,0.022156999588013093
SPATIAL_complete,combined_kd,202,radiation,20,11,0,0.12821342302137803,0.24181342124938965
SPATIAL_complete,combined_kd,202,temperature,21,10,0,0.39024050423406786,0.3338890075683594
SPATIAL_complete,combined_kd,202,water_balance,14,17,0,0.011418385167275705,-0.05123114585876465
SPATIAL_complete,combined_kd,303,all_physical,17,14,0,0.14342100091134344,0.2179858837127684
SPATIAL_complete,combined_kd,303,all_support,21,10,0,0.27102888334951086,0.3015406131744385
SPATIAL_complete,combined_kd,303,observation_support,21,10,0,0.27102888334951086,0.3015406131744385
SPATIAL_complete,combined_kd,303,radiation,17,14,0,0.08503720571148779,0.13524103164672852
SPATIAL_complete,combined_kd,303,temperature,26,5,0,0.5751142522135089,0.47635507583618164
SPATIAL_complete,combined_kd,303,water_balance,17,14,0,0.20651574965446223,0.3471055183410643
SPATIAL_complete,missing_aware,101,all_physical,20,11,0,0.19866561394353066,0.12145066261291504
SPATIAL_complete,missing_aware,101,all_support,16,15,0,0.023490405482630573,0.052440643310546875
SPATIAL_complete,missing_aware,101,observation_support,16,15,0,0.023490405482630573,0.052440643310546875
SPATIAL_complete,missing_aware,101,radiation,17,14,0,0.09315929652798559,0.16937661170959473
SPATIAL_complete,missing_aware,101,temperature,20,11,0,0.6976707788898099,0.07974576950073242
SPATIAL_complete,missing_aware,101,water_balance,17,14,0,0.08188791591890394,0.1057131290435791
SPATIAL_complete,missing_aware,202,all_physical,12,19,0,-0.40396176408952283,-0.24667668342590332
SPATIAL_complete,missing_aware,202,all_support,11,20,0,0.04171440804389214,-0.10313773155212402
SPATIAL_complete,missing_aware,202,observation_support,11,20,0,0.04171440804389214,-0.10313773155212402
SPATIAL_complete,missing_aware,202,radiation,14,17,0,-0.1502783938992408,-0.04004013538360596
SPATIAL_complete,missing_aware,202,temperature,15,16,0,0.5024572239537393,-0.1265711784362793
SPATIAL_complete,missing_aware,202,water_balance,20,11,0,0.25365065103961576,0.14670372009277344
SPATIAL_complete,missing_aware,303,all_physical,13,18,0,0.6434597892145957,-0.07554197311401367
SPATIAL_complete,missing_aware,303,all_support,22,9,0,0.07996825768870691,0.1679699420928955
SPATIAL_complete,missing_aware,303,observation_support,22,9,0,0.07996825768870691,0.1679699420928955
SPATIAL_complete,missing_aware,303,radiation,15,16,0,0.020432643352016312,-0.04136919975280762
SPATIAL_complete,missing_aware,303,temperature,18,13,0,0.1780443334271831,0.16242051124572754
SPATIAL_complete,missing_aware,303,water_balance,14,17,0,0.013875962657313192,-0.04304337501525879
SPATIAL_complete,prediction_kd,101,all_physical,22,9,0,0.4341606752641739,0.6728493938446043
SPATIAL_complete,prediction_kd,101,all_support,21,10,0,0.15885482231263193,0.288266658782959
SPATIAL_complete,prediction_kd,101,observation_support,21,10,0,0.15885482231263193,0.288266658782959
SPATIAL_complete,prediction_kd,101,radiation,19,12,0,0.17994287364713607,0.0471574068069458
SPATIAL_complete,prediction_kd,101,temperature,24,7,0,0.7871740314422115,0.419094505310059
SPATIAL_complete,prediction_kd,101,water_balance,19,12,0,0.23752834120104388,0.32752561569213867
SPATIAL_complete,prediction_kd,202,all_physical,14,17,0,-0.053629755389305804,-0.09924817085266113
SPATIAL_complete,prediction_kd,202,all_support,24,7,0,0.8580801041510797,0.733588457107544
SPATIAL_complete,prediction_kd,202,observation_support,24,7,0,0.8580801041510797,0.733588457107544
SPATIAL_complete,prediction_kd,202,radiation,21,10,0,0.5065999710944391,0.8072404861450195
SPATIAL_complete,prediction_kd,202,temperature,25,6,0,0.7477355199013986,0.6437599658966064
SPATIAL_complete,prediction_kd,202,water_balance,19,12,0,0.18642575288588,0.10186767578125
SPATIAL_complete,prediction_kd,303,all_physical,19,12,0,0.18210282917945614,0.5390312824249266
SPATIAL_complete,prediction_kd,303,all_support,16,15,0,-0.027654450401183084,0.035305142402648926
SPATIAL_complete,prediction_kd,303,observation_support,16,15,0,-0.027654450401183084,0.035305142402648926
SPATIAL_complete,prediction_kd,303,radiation,17,14,0,0.07271630553276305,0.012593507766723633
SPATIAL_complete,prediction_kd,303,temperature,18,13,0,0.2241660879965751,0.11870026588439941
SPATIAL_complete,prediction_kd,303,water_balance,19,12,0,0.06834325591979486,0.2129521141052244
SPATIAL_complete,representation_kd,101,all_physical,19,12,0,0.12438127413103658,0.15161895751953125
SPATIAL_complete,representation_kd,101,all_support,14,17,0,-0.04032772750239216,-0.06382429599761963
SPATIAL_complete,representation_kd,101,observation_support,14,17,0,-0.04032772750239216,-0.06382429599761963
SPATIAL_complete,representation_kd,101,radiation,21,10,0,0.08816176845181373,0.0716557502746582
SPATIAL_complete,representation_kd,101,temperature,11,20,0,-0.08076940253473096,-0.07958686351776123
SPATIAL_complete,representation_kd,101,water_balance,15,16,0,-0.06890358051176994,-0.054097652435302734
SPATIAL_complete,representation_kd,202,all_physical,20,11,0,-0.06307348464381303,0.08571887016296387
SPATIAL_complete,representation_kd,202,all_support,21,10,0,0.09516793998595208,0.16646885871887207
SPATIAL_complete,representation_kd,202,observation_support,21,10,0,0.09516793998595208,0.16646885871887207
SPATIAL_complete,representation_kd,202,radiation,21,10,0,0.1418664443262162,0.19258375358581503
SPATIAL_complete,representation_kd,202,temperature,25,6,0,0.3499547649814237,0.21055003356933621
SPATIAL_complete,representation_kd,202,water_balance,17,14,0,-0.1644446171868231,0.014254095077514961
SPATIAL_complete,representation_kd,303,all_physical,22,9,0,0.5595259328657581,0.282604455947876
SPATIAL_complete,representation_kd,303,all_support,20,11,0,0.3781835626786755,0.39493698883056627
SPATIAL_complete,representation_kd,303,observation_support,20,11,0,0.3781835626786755,0.39493698883056627
SPATIAL_complete,representation_kd,303,radiation,17,14,0,0.08732525505558136,0.030898571014404297
SPATIAL_complete,representation_kd,303,temperature,22,9,0,1.1476676061076503,0.5997766647338869
SPATIAL_complete,representation_kd,303,water_balance,18,13,0,0.07355322702469363,0.047852306365967046
SPATIAL_complete,supervised,101,all_physical,18,13,0,0.08550009619805123,0.21869158744812012
SPATIAL_complete,supervised,101,all_support,13,18,0,-0.08896757448873209,-0.046929359436035156
SPATIAL_complete,supervised,101,observation_support,13,18,0,-0.08896757448873209,-0.046929359436035156
SPATIAL_complete,supervised,101,radiation,17,14,0,0.07862415710572274,0.1024019718170166
SPATIAL_complete,supervised,101,temperature,16,15,0,-0.008852185126273861,0.025252103805541992
SPATIAL_complete,supervised,101,water_balance,18,13,0,0.05059164247205181,0.25585412979125977
SPATIAL_complete,supervised,202,all_physical,11,20,0,-0.27269062033007224,-0.3475513458251953
SPATIAL_complete,supervised,202,all_support,26,5,0,0.8759511260678691,0.6519608497619629
SPATIAL_complete,supervised,202,observation_support,26,5,0,0.8759511260678691,0.6519608497619629
SPATIAL_complete,supervised,202,radiation,15,16,0,-0.1427442543275895,-0.018969058990478516
SPATIAL_complete,supervised,202,temperature,26,5,0,0.6956383306134132,0.31804442405700684
SPATIAL_complete,supervised,202,water_balance,18,13,0,0.2844129330727362,0.05230975151062012
SPATIAL_complete,supervised,303,all_physical,21,10,0,0.20166360738200526,0.23859119415283203
SPATIAL_complete,supervised,303,all_support,22,9,0,0.22680111478221032,0.2414557933807373
SPATIAL_complete,supervised,303,observation_support,22,9,0,0.22680111478221032,0.2414557933807373
SPATIAL_complete,supervised,303,radiation,19,12,0,0.36599501912824567,0.20815825462341309
SPATIAL_complete,supervised,303,temperature,20,11,0,0.31629664876384117,0.3986802101135254
SPATIAL_complete,supervised,303,water_balance,15,16,0,0.01809824783571304,-0.0030343551635745314
