contract,route,feature_name,mean_delta,median_delta,mean_abs_delta,std_delta,n
GROUP_complete,combined_kd,weather_coverage,0.0,0.0,0.0,0.0,302
GROUP_complete,combined_kd,weather_cwb_sum,0.006338265181722625,0.008772477507591248,0.04440696140294833,0.06452987362420179,302
GROUP_complete,combined_kd,weather_et0_sum,0.01307175870651737,-0.03208417817950249,0.257008204147195,0.3351867062997357,302
GROUP_complete,combined_kd,weather_expected_days,-0.024652434257013318,-0.012300530914217234,0.13645640036880674,0.18873064524328953,302
GROUP_complete,combined_kd,weather_observed_days,-0.010533443531823276,0.0074934205040335655,0.1042499286986098,0.14481750525420803,302
GROUP_complete,combined_kd,weather_prec_sum,-0.01932773587065718,-0.02523820474743843,0.06529442868843083,0.08816723996690584,302
GROUP_complete,combined_kd,weather_rad_sum,0.00033848172374415083,-0.04180017951875925,0.26112763458764215,0.38520016803210083,302
GROUP_complete,combined_kd,weather_tmax_mean,-0.0677021339948949,-0.02548806183040142,0.1591313333521961,0.24838881027700083,302
GROUP_complete,combined_kd,weather_tmin_mean,0.03789119123302351,0.045126195065677166,0.09009497178508746,0.1148029772849415,302
GROUP_complete,combined_kd,weather_vpd_mean,-0.09908706455534658,-0.05158960446715355,0.1908191338255508,0.26190469309617714,302
GROUP_complete,missing_aware,weather_coverage,0.0,0.0,0.0,0.0,302
GROUP_complete,missing_aware,weather_cwb_sum,0.024520790300005122,0.021452692802995443,0.060930846770916945,0.07808875523919724,302
GROUP_complete,missing_aware,weather_et0_sum,0.03281955688340676,-0.003986322320997715,0.19616357276265492,0.2745326678016546,302
GROUP_complete,missing_aware,weather_expected_days,-0.051942113638911026,0.0031912783160805702,0.14358400855065379,0.1824187702121157,302
GROUP_complete,missing_aware,weather_observed_days,0.04795822960367759,0.0307199964299798,0.0916260249622857,0.11270560077839513,302
GROUP_complete,missing_aware,weather_prec_sum,-0.013602954620766817,-0.006234530359506607,0.06638643980821879,0.08902698623878473,302
GROUP_complete,missing_aware,weather_rad_sum,0.03934817941896371,0.04576511587947607,0.19858691277636203,0.27100830557707656,302
GROUP_complete,missing_aware,weather_tmax_mean,-0.007444357575034562,0.017042997293174267,0.174207615880419,0.2821499320906553,302
GROUP_complete,missing_aware,weather_tmin_mean,0.08000394416701616,0.07093457225710154,0.137198514943412,0.1608757908890338,302
GROUP_complete,missing_aware,weather_vpd_mean,-0.15301800637339422,-0.11005396489053965,0.23227235343961034,0.2760340840406054,302
GROUP_complete,prediction_kd,weather_coverage,0.0,0.0,0.0,0.0,302
GROUP_complete,prediction_kd,weather_cwb_sum,-0.04165669547359996,-0.043329195119440556,0.07271510846558218,0.09477895303371095,302
GROUP_complete,prediction_kd,weather_et0_sum,-0.02543790106020177,-0.010364620015025139,0.26736465733288634,0.3411125887286464,302
GROUP_complete,prediction_kd,weather_expected_days,0.029769413113834596,-0.008688352070748806,0.2251593725692592,0.4313736175479596,302
GROUP_complete,prediction_kd,weather_observed_days,-0.1045670721248958,-0.02545637357980013,0.2478833478017377,0.3348170885465308,302
GROUP_complete,prediction_kd,weather_prec_sum,-0.010148738925684466,-0.01733547169715166,0.09230070731244883,0.12191970088146833,302
GROUP_complete,prediction_kd,weather_rad_sum,0.13669661462032515,0.14793085237033665,0.4562348954445861,0.5402754269317797,302
GROUP_complete,prediction_kd,weather_tmax_mean,0.18796796711170985,0.241549177095294,0.28140123727938027,0.2728476537498065,302
GROUP_complete,prediction_kd,weather_tmin_mean,0.0731087501067514,0.020272341324016452,0.14627999883640053,0.202476704793975,302
GROUP_complete,prediction_kd,weather_vpd_mean,-0.03774348544866611,-0.03696236805990338,0.19452519460029233,0.29058409015831854,302
GROUP_complete,representation_kd,weather_coverage,0.0,0.0,0.0,0.0,302
GROUP_complete,representation_kd,weather_cwb_sum,0.01459496183974656,0.017504130490124226,0.050344201107046856,0.07174446007458539,302
GROUP_complete,representation_kd,weather_et0_sum,-0.06189187363850952,-0.015640071593225002,0.1876982700585431,0.2458986128359725,302
GROUP_complete,representation_kd,weather_expected_days,0.03152074498920054,0.03238625358790159,0.1208165047122844,0.14001589321126778,302
GROUP_complete,representation_kd,weather_observed_days,0.092541192772348,0.10026955045759678,0.19868302214829042,0.2371816288771507,302
GROUP_complete,representation_kd,weather_prec_sum,-0.003539154256712522,-0.01535259559750557,0.06033528082393455,0.08663430436139699,302
GROUP_complete,representation_kd,weather_rad_sum,0.026201328811611954,-0.01558492798358202,0.2464864987460588,0.3213703353473834,302
GROUP_complete,representation_kd,weather_tmax_mean,-0.06549353282651957,0.003288794308900833,0.19051168030682977,0.3389417283146969,302
GROUP_complete,representation_kd,weather_tmin_mean,0.09950275795953657,0.0647212415933609,0.16630936156501933,0.19717022957232855,302
GROUP_complete,representation_kd,weather_vpd_mean,-0.051281697258649284,-0.03140579257160425,0.12762048772678075,0.17671870929681643,302
SPATIAL_complete,combined_kd,weather_coverage,0.0,0.0,0.0,0.0,93
SPATIAL_complete,combined_kd,weather_cwb_sum,0.05514260891184051,0.03645236324518919,0.15249513272166013,0.2127445785968194,93
SPATIAL_complete,combined_kd,weather_et0_sum,0.06789917751060177,0.04390309378504753,0.3256132473695963,0.39949355337555104,93
SPATIAL_complete,combined_kd,weather_expected_days,0.01029001986507767,0.03587831184267998,0.14162965809365594,0.17698724291797277,93
SPATIAL_complete,combined_kd,weather_observed_days,-0.024601985284838306,-0.10948912985622883,0.19298892648970728,0.29176194943802186,93
SPATIAL_complete,combined_kd,weather_prec_sum,-0.006137415025663632,-0.010024258866906166,0.06516030800819236,0.08853558504679371,93
SPATIAL_complete,combined_kd,weather_rad_sum,-0.27846807038777016,-0.048893251456320286,0.42311724910377374,0.5096365093966796,93
SPATIAL_complete,combined_kd,weather_tmax_mean,-0.06163953727997479,-0.09945917874574661,0.14265024445335112,0.1527119845349676,93
SPATIAL_complete,combined_kd,weather_tmin_mean,-0.0477625190966352,-0.06456458289176226,0.2673860897450277,0.35386541929568255,93
SPATIAL_complete,combined_kd,weather_vpd_mean,-0.0829319568408493,-0.07147787045687437,0.27268412606715553,0.31500903441423994,93
SPATIAL_complete,missing_aware,weather_coverage,0.0,0.0,0.0,0.0,93
SPATIAL_complete,missing_aware,weather_cwb_sum,-0.05880070336523556,0.007359777577221394,0.17039956579044943,0.2509527218344544,93
SPATIAL_complete,missing_aware,weather_et0_sum,0.0381913723333949,0.10065473057329655,0.3891904505660697,0.5251412221936057,93
SPATIAL_complete,missing_aware,weather_expected_days,0.009802591936883105,0.060105519369244576,0.17867527035395464,0.2789257047964511,93
SPATIAL_complete,missing_aware,weather_observed_days,0.09484331365624663,0.08238761499524117,0.19109142484313618,0.26466078907526097,93
SPATIAL_complete,missing_aware,weather_prec_sum,-0.052088034179021594,-0.017197197303175926,0.10561304442804828,0.14991026662984375,93
SPATIAL_complete,missing_aware,weather_rad_sum,0.04075298156283836,0.02362881600856781,0.25351954331266024,0.30375029842317,93
SPATIAL_complete,missing_aware,weather_tmax_mean,-0.049924305859222126,0.07319897972047329,0.2809321402524528,0.3622938308011372,93
SPATIAL_complete,missing_aware,weather_tmin_mean,0.05728940877021961,0.13276842795312405,0.4488831751013515,0.5958622684578312,93
SPATIAL_complete,missing_aware,weather_vpd_mean,-0.027234550843375824,-0.06072451174259186,0.25108145611230487,0.303670146849164,93
SPATIAL_complete,prediction_kd,weather_coverage,0.0,0.0,0.0,0.0,93
SPATIAL_complete,prediction_kd,weather_cwb_sum,-0.01153249128205922,0.10026267264038324,0.2622377803857108,0.36902404994820637,93
SPATIAL_complete,prediction_kd,weather_et0_sum,-0.17367937793249205,-0.12563772965222597,0.5375927263928417,0.7019647275072782,93
SPATIAL_complete,prediction_kd,weather_expected_days,-0.043743696034966056,-0.019060740247368813,0.16232529904578202,0.23805933438710128,93
SPATIAL_complete,prediction_kd,weather_observed_days,-0.02909948430099194,-0.03478379943408072,0.15548492502796674,0.19385998635373647,93
SPATIAL_complete,prediction_kd,weather_prec_sum,0.008480388967831048,0.015722175128757954,0.08680464323454846,0.11272409807879563,93
SPATIAL_complete,prediction_kd,weather_rad_sum,-0.07718507885201885,-0.10464955912902951,0.31715906250681125,0.36438315774193186,93
SPATIAL_complete,prediction_kd,weather_tmax_mean,0.13093423206103785,0.15538052283227444,0.31997043949987497,0.3425533836362058,93
SPATIAL_complete,prediction_kd,weather_tmin_mean,-0.14640660566948754,-0.013384807854890823,0.29829487304944263,0.4093432154759428,93
SPATIAL_complete,prediction_kd,weather_vpd_mean,-0.013930488628165056,-0.01253480464220047,0.19434421601635155,0.260464937478296,93
SPATIAL_complete,representation_kd,weather_coverage,0.0,0.0,0.0,0.0,93
SPATIAL_complete,representation_kd,weather_cwb_sum,-0.014712861583878597,-0.04594205133616924,0.18597141797003405,0.225791718375661,93
SPATIAL_complete,representation_kd,weather_et0_sum,-0.13070657086728882,-0.20750318840146065,0.49224233547706275,0.5837626281957381,93
SPATIAL_complete,representation_kd,weather_expected_days,-0.024351324683295622,-0.07474176026880741,0.1612652523408053,0.21925234874968505,93
SPATIAL_complete,representation_kd,weather_observed_days,0.08906652020310522,0.1664995802566409,0.28640626113541345,0.4060982914574344,93
SPATIAL_complete,representation_kd,weather_prec_sum,0.0030530109095277006,-0.010996904224157333,0.06850204969035281,0.09400103288611905,93
SPATIAL_complete,representation_kd,weather_rad_sum,-0.2182240435760969,-0.11746611632406712,0.34553239671688685,0.4095132548480314,93
SPATIAL_complete,representation_kd,weather_tmax_mean,-0.12623721787640926,-0.07035720511339605,0.2513133164918331,0.30590157107930366,93
SPATIAL_complete,representation_kd,weather_tmin_mean,0.14876192486444387,0.20414455980062485,0.4250090626088442,0.5010940787890724,93
SPATIAL_complete,representation_kd,weather_vpd_mean,-0.10315769858738427,-0.12388157332316041,0.36721023946239423,0.4066650484837964,93
