contract,method,seed,perturbation_group,perturbation_type,mean_abs_pred_change,median_abs_pred_change,ci_lo,ci_hi,mean_delta_AE,n
GROUP_complete,combined_kd,101,all_physical,median_replacement,0.3881944012134633,0.3238406181335449,0.32156242721892414,0.465809630967201,0.017880353055101765,94
GROUP_complete,combined_kd,101,all_support,median_replacement,1.1540002061965617,1.1103707551956177,1.008208102051248,1.294312470263623,0.6143791649595222,94
GROUP_complete,combined_kd,101,observation_support,median_replacement,1.1540002061965617,1.1103707551956177,1.008208102051248,1.294312470263623,0.6143791649595222,94
GROUP_complete,combined_kd,101,radiation,median_replacement,0.14948788095027843,0.09603190422058105,0.12232633581820955,0.18065600934180806,0.061153414178401866,94
GROUP_complete,combined_kd,101,temperature,median_replacement,0.402199849169305,0.33176136016845703,0.3290254367158768,0.481811723430106,0.037382136385491566,94
GROUP_complete,combined_kd,101,water_balance,median_replacement,0.20410870237553375,0.1300431489944458,0.15544421799639438,0.2675492089479527,-0.022738013511008407,94
GROUP_complete,combined_kd,202,all_physical,median_replacement,0.21998688345370085,0.14881610870361328,0.18210188863070118,0.2599686910017677,-0.043907248165296474,115
GROUP_complete,combined_kd,202,all_support,median_replacement,0.8189038867535798,0.38278913497924805,0.6801372684084851,0.9682368046822756,0.236698222176925,115
GROUP_complete,combined_kd,202,observation_support,median_replacement,0.8189038867535798,0.38278913497924805,0.6801372684084851,0.9682368046822756,0.236698222176925,115
GROUP_complete,combined_kd,202,radiation,median_replacement,0.267354358797488,0.1579134464263916,0.2107260789041934,0.3250686091184616,0.12656214781222136,115
GROUP_complete,combined_kd,202,temperature,median_replacement,0.15656711951546046,0.09423661231994629,0.12257060875063358,0.1897811797131662,0.00844484775377357,115
GROUP_complete,combined_kd,202,water_balance,median_replacement,0.16807712886644446,0.10529756546020508,0.13904316484928134,0.1973560928261798,-0.0058330964461616895,115
GROUP_complete,combined_kd,303,all_physical,median_replacement,0.5410450555944956,0.4587554931640625,0.44760882252006123,0.651487426539903,0.18899271187731015,93
GROUP_complete,combined_kd,303,all_support,median_replacement,0.10227072879832277,0.060265302658081055,0.08348388534079317,0.12216648594025642,-0.005179035166258461,93
GROUP_complete,combined_kd,303,observation_support,median_replacement,0.10227072879832277,0.060265302658081055,0.08348388534079317,0.12216648594025642,-0.005179035166258461,93
GROUP_complete,combined_kd,303,radiation,median_replacement,0.15930909751563943,0.10179471969604492,0.12795016124684325,0.19310105302000558,0.03703385478194043,93
GROUP_complete,combined_kd,303,temperature,median_replacement,0.13761820331696542,0.07940506935119629,0.09146208074144137,0.21321555286325433,-0.04530207603208482,93
GROUP_complete,combined_kd,303,water_balance,median_replacement,0.5010323357838457,0.4773927927017212,0.43512298999935073,0.5683898384212165,0.2402193219687349,93
GROUP_complete,missing_aware,101,all_physical,median_replacement,0.8199311101690252,0.7454055547714233,0.6997536112653449,0.947163469265116,0.09454518838638956,94
GROUP_complete,missing_aware,101,all_support,median_replacement,0.32255004568302886,0.21248185634613037,0.26078463035061006,0.3882670904727692,0.15509585989282484,94
GROUP_complete,missing_aware,101,observation_support,median_replacement,0.32255004568302886,0.21248185634613037,0.26078463035061006,0.3882670904727692,0.15509585989282484,94
GROUP_complete,missing_aware,101,radiation,median_replacement,0.2808503204203667,0.1459028720855713,0.2265120213653179,0.34163523208587726,0.05642889569668061,94
GROUP_complete,missing_aware,101,temperature,median_replacement,0.23145753398854682,0.17231708765029907,0.18842583168694316,0.2755724270927145,-0.003132265364870116,94
GROUP_complete,missing_aware,101,water_balance,median_replacement,0.4439771809476487,0.35952943563461304,0.3785343564254172,0.5129254735530691,-0.018266865121557358,94
GROUP_complete,missing_aware,202,all_physical,median_replacement,0.28859658344932226,0.19497036933898926,0.22618842930897423,0.36051323771476745,-0.12342092445207678,115
GROUP_complete,missing_aware,202,all_support,median_replacement,0.7601669964583023,0.43121016025543213,0.6317022613857104,0.9069865815017534,0.11496077027528183,115
GROUP_complete,missing_aware,202,observation_support,median_replacement,0.7601669964583023,0.43121016025543213,0.6317022613857104,0.9069865815017534,0.11496077027528183,115
GROUP_complete,missing_aware,202,radiation,median_replacement,0.21152264968208645,0.11038994789123535,0.16219520514426025,0.26185120688832325,0.06780027537138565,115
GROUP_complete,missing_aware,202,temperature,median_replacement,0.6184473234674205,0.5205347537994385,0.5167720818260442,0.7243919181046278,0.19224666660972267,115
GROUP_complete,missing_aware,202,water_balance,median_replacement,0.25868373642797055,0.17982566356658936,0.21379377232945485,0.3087866111941959,-0.0041906152891076145,115
GROUP_complete,missing_aware,303,all_physical,median_replacement,0.6650267160066994,0.5662562847137451,0.5496004783338116,0.7943051662496341,0.24290209973242977,93
GROUP_complete,missing_aware,303,all_support,median_replacement,0.11396272977193196,0.05128645896911621,0.08368263840675355,0.15674059461521847,-0.03629304268539593,93
GROUP_complete,missing_aware,303,observation_support,median_replacement,0.11396272977193196,0.05128645896911621,0.08368263840675355,0.15674059461521847,-0.03629304268539593,93
GROUP_complete,missing_aware,303,radiation,median_replacement,0.2801041551815566,0.1948232650756836,0.23221997894266602,0.3340507450924124,0.05345168480821836,93
GROUP_complete,missing_aware,303,temperature,median_replacement,0.12301665224054809,0.06935286521911621,0.08478380025074048,0.18201141953468322,-0.01881273074816632,93
GROUP_complete,missing_aware,303,water_balance,median_replacement,0.3718478474565732,0.26509952545166016,0.3130879517524473,0.43479514404009745,0.10358788937394336,93
GROUP_complete,prediction_kd,101,all_physical,median_replacement,1.2978652639591948,0.9834110736846924,1.0518250859481224,1.5533731567098736,-0.5284332737212485,94
GROUP_complete,prediction_kd,101,all_support,median_replacement,1.3525427097969867,0.9229460954666138,1.1110448385172702,1.601135162058028,-0.2997706316481245,94
GROUP_complete,prediction_kd,101,observation_support,median_replacement,1.3525427097969867,0.9229460954666138,1.1110448385172702,1.601135162058028,-0.2997706316481245,94
GROUP_complete,prediction_kd,101,radiation,median_replacement,0.2501401774426724,0.2004038691520691,0.20263003028453663,0.30757161502508407,0.009317224157617453,94
GROUP_complete,prediction_kd,101,temperature,median_replacement,0.7832129388413531,0.7678318023681641,0.6824618065135276,0.8896376507871961,0.2069671315183031,94
GROUP_complete,prediction_kd,101,water_balance,median_replacement,1.0877056955657107,0.7246653437614441,0.8816445704232505,1.3156592091981398,-0.30647804841843057,94
GROUP_complete,prediction_kd,202,all_physical,median_replacement,0.8396211212096008,0.7108964920043945,0.7311831904753394,0.9525156790082868,0.1286058295312135,115
GROUP_complete,prediction_kd,202,all_support,median_replacement,0.8728884691777437,0.47315311431884766,0.7126403727673966,1.0512955273299112,0.1850355059623718,115
GROUP_complete,prediction_kd,202,observation_support,median_replacement,0.8728884691777437,0.47315311431884766,0.7126403727673966,1.0512955273299112,0.1850355059623718,115
GROUP_complete,prediction_kd,202,radiation,median_replacement,0.3305149907651155,0.3143606185913086,0.29092313511864,0.37055434090287787,0.19404252246359122,115
GROUP_complete,prediction_kd,202,temperature,median_replacement,0.3476863135462222,0.2636873722076416,0.28917282286545504,0.40795467437609384,-0.018479282843548314,115
GROUP_complete,prediction_kd,202,water_balance,median_replacement,0.5181080380211706,0.48674464225769043,0.44982253311120945,0.5909546194711456,-0.03240898311656453,115
GROUP_complete,prediction_kd,303,all_physical,median_replacement,0.47292298398992066,0.2374267578125,0.37231781027650324,0.5893730348156344,0.15901882594118835,93
GROUP_complete,prediction_kd,303,all_support,median_replacement,0.11329580250606743,0.07784628868103027,0.09343066289219806,0.1333810531323956,-0.01340995549642912,93
GROUP_complete,prediction_kd,303,observation_support,median_replacement,0.11329580250606743,0.07784628868103027,0.09343066289219806,0.1333810531323956,-0.01340995549642912,93
GROUP_complete,prediction_kd,303,radiation,median_replacement,0.18171506415131272,0.12804031372070312,0.14826550201703143,0.21783035628257255,0.05039889691465645,93
GROUP_complete,prediction_kd,303,temperature,median_replacement,0.2153151419854933,0.13051891326904297,0.16846830966652082,0.26506129810886997,-0.06334341711639077,93
GROUP_complete,prediction_kd,303,water_balance,median_replacement,0.5976180286817653,0.5100032091140747,0.5065682484578061,0.6940615106654422,0.3250593792084725,93
GROUP_complete,representation_kd,101,all_physical,median_replacement,0.6605639483066316,0.670779824256897,0.5679735742033797,0.7495702826913367,0.1305716218948364,94
GROUP_complete,representation_kd,101,all_support,median_replacement,0.4245899687422083,0.3883028030395508,0.3778878711956613,0.47452801694261265,0.09293216175728655,94
GROUP_complete,representation_kd,101,observation_support,median_replacement,0.4245899687422083,0.3883028030395508,0.3778878711956613,0.47452801694261265,0.09293216175728655,94
GROUP_complete,representation_kd,101,radiation,median_replacement,0.3404703229031664,0.28851813077926636,0.2967111720366681,0.38225097342374476,0.05339728372655017,94
GROUP_complete,representation_kd,101,temperature,median_replacement,0.22342777505834052,0.2129666805267334,0.1906327137921719,0.257856824613632,0.06453729065428389,94
GROUP_complete,representation_kd,101,water_balance,median_replacement,0.2535084790371834,0.2680647373199463,0.21926623421146518,0.28938769105267015,-0.02064983485607391,94
GROUP_complete,representation_kd,202,all_physical,median_replacement,0.5369807471399722,0.46858489513397217,0.47483579246894175,0.5990300009561621,-0.22914629932901132,115
GROUP_complete,representation_kd,202,all_support,median_replacement,0.698690480771272,0.45533108711242676,0.5844585699361303,0.8198484540503957,0.13589929900791337,115
GROUP_complete,representation_kd,202,observation_support,median_replacement,0.698690480771272,0.45533108711242676,0.5844585699361303,0.8198484540503957,0.13589929900791337,115
GROUP_complete,representation_kd,202,radiation,median_replacement,0.4284405418064283,0.3450406789779663,0.3622363838683004,0.49649449516897604,0.22444421599014946,115
GROUP_complete,representation_kd,202,temperature,median_replacement,0.5251702826956044,0.4372684955596924,0.4364399804239688,0.6167425127651379,0.046134241220225476,115
GROUP_complete,representation_kd,202,water_balance,median_replacement,0.4505670091380244,0.42198729515075684,0.3940814014103102,0.5039944491438244,-0.0006504470493482481,115
GROUP_complete,representation_kd,303,all_physical,median_replacement,0.25342470343394946,0.1938035488128662,0.19776121262581117,0.3343830749232281,0.02951226023192048,93
GROUP_complete,representation_kd,303,all_support,median_replacement,0.2049335151590327,0.1652073860168457,0.17095553208422917,0.24122709955579488,-0.08787806917005969,93
GROUP_complete,representation_kd,303,observation_support,median_replacement,0.2049335151590327,0.1652073860168457,0.17095553208422917,0.24122709955579488,-0.08787806917005969,93
GROUP_complete,representation_kd,303,radiation,median_replacement,0.203988185492895,0.15122997760772705,0.1625738315043911,0.24967857131394006,0.10793992852651944,93
GROUP_complete,representation_kd,303,temperature,median_replacement,0.3075406064269363,0.20872926712036133,0.24716916145176016,0.39029212542759467,-0.13225029014259257,93
GROUP_complete,representation_kd,303,water_balance,median_replacement,0.2084938838917722,0.1812962293624878,0.175446567195718,0.24328238268693286,0.12082010002546413,93
GROUP_complete,supervised,101,all_physical,median_replacement,0.43000688958675304,0.2819616198539734,0.3404673056082522,0.5287591869526721,-0.10303103146654495,94
GROUP_complete,supervised,101,all_support,median_replacement,0.2954567848367894,0.1361987590789795,0.22137885353666675,0.36982636147357045,-0.1576703837577333,94
GROUP_complete,supervised,101,observation_support,median_replacement,0.2954567848367894,0.1361987590789795,0.22137885353666675,0.36982636147357045,-0.1576703837577333,94
GROUP_complete,supervised,101,radiation,median_replacement,0.48411835254506863,0.4045891761779785,0.3958534582498226,0.5759096279423287,-0.055102663303943394,94
GROUP_complete,supervised,101,temperature,median_replacement,0.17553962672010381,0.1117432713508606,0.14014579507898778,0.21433040131913852,-0.022792771775671777,94
GROUP_complete,supervised,101,water_balance,median_replacement,0.43140342641384044,0.28902482986450195,0.3442637915940995,0.5342483096617333,-0.032321236143720906,94
GROUP_complete,supervised,202,all_physical,median_replacement,0.3108164611070052,0.2924720048904419,0.27565435062284055,0.34951658598754715,0.061736092285487966,115
GROUP_complete,supervised,202,all_support,median_replacement,0.5901353639105092,0.20273613929748535,0.4417108135897181,0.7507895562959753,0.2253723509332408,115
GROUP_complete,supervised,202,observation_support,median_replacement,0.5901353639105092,0.20273613929748535,0.4417108135897181,0.7507895562959753,0.2253723509332408,115
GROUP_complete,supervised,202,radiation,median_replacement,0.11141763355420983,0.07085752487182617,0.09140138330666916,0.13235972966836845,0.026329775238037104,115
GROUP_complete,supervised,202,temperature,median_replacement,0.168181850599206,0.12801647186279297,0.1403313273450603,0.19747296994147095,-0.04362442995154339,115
GROUP_complete,supervised,202,water_balance,median_replacement,0.2422940430433854,0.15856611728668213,0.20196866680746495,0.2890370324901912,0.04478486959208613,115
GROUP_complete,supervised,303,all_physical,median_replacement,0.7403347928036925,0.31837642192840576,0.5776289798239227,0.9223530680902541,0.3239169890906221,93
GROUP_complete,supervised,303,all_support,median_replacement,0.22506836024663782,0.0880974531173706,0.15720429683244358,0.3025910701802981,-0.010818516505661834,93
GROUP_complete,supervised,303,observation_support,median_replacement,0.22506836024663782,0.0880974531173706,0.15720429683244358,0.3025910701802981,-0.010818516505661834,93
GROUP_complete,supervised,303,radiation,median_replacement,0.5224172210180631,0.35250937938690186,0.4330125901006883,0.6227916230437576,0.1669943291141141,93
GROUP_complete,supervised,303,temperature,median_replacement,0.20924684950100478,0.07844579219818115,0.15408193930502861,0.27486739011221034,-0.030047069190650862,93
GROUP_complete,supervised,303,water_balance,median_replacement,0.26640053077410625,0.20504701137542725,0.2244505795099402,0.31717666179262183,-0.01954298334224249,93
SPATIAL_complete,combined_kd,101,all_physical,median_replacement,0.5495797511070005,0.4971191883087158,0.4985299664158975,0.6136679900269355,0.14109635297713743,31
SPATIAL_complete,combined_kd,101,all_support,median_replacement,0.6875168508098971,0.49400854110717773,0.5298402619938697,0.8597838780572336,-0.020958909250074813,31
SPATIAL_complete,combined_kd,101,observation_support,median_replacement,0.6875168508098971,0.49400854110717773,0.5298402619938697,0.8597838780572336,-0.020958909250074813,31
SPATIAL_complete,combined_kd,101,radiation,median_replacement,0.13428135456577425,0.09514713287353516,0.08227996720421699,0.1963104651820275,-0.062200374326398286,31
SPATIAL_complete,combined_kd,101,temperature,median_replacement,0.9454032067329653,0.3774895668029785,0.5741935654032615,1.3443535276959018,0.6342271384577598,31
SPATIAL_complete,combined_kd,101,water_balance,median_replacement,0.2627958982221542,0.22337698936462402,0.19951756933043083,0.3350513723588759,-0.10196556512771111,31
SPATIAL_complete,combined_kd,202,all_physical,median_replacement,0.40452475701608964,0.3467445373535156,0.3052428155176102,0.512065323898869,0.11404037229476437,31
SPATIAL_complete,combined_kd,202,all_support,median_replacement,0.6762930193255025,0.6709637641906738,0.628734956249114,0.7239288158955112,0.008278765893751582,31
SPATIAL_complete,combined_kd,202,observation_support,median_replacement,0.6762930193255025,0.6709637641906738,0.628734956249114,0.7239288158955112,0.008278765893751582,31
SPATIAL_complete,combined_kd,202,radiation,median_replacement,0.39849918888461205,0.3907644748687744,0.3372488652506182,0.4614331564595622,0.12821342302137803,31
SPATIAL_complete,combined_kd,202,temperature,median_replacement,0.6705432861082016,0.43995141983032227,0.4338812356994998,0.9433150918253005,0.39024050423406786,31
SPATIAL_complete,combined_kd,202,water_balance,median_replacement,0.3304270313632104,0.29131603240966797,0.25631415344053704,0.4065247235759612,0.011418385167275705,31
SPATIAL_complete,combined_kd,303,all_physical,median_replacement,0.9393560001927037,0.850614070892334,0.8019640076544977,1.0832008881915,0.14342100091134344,31
SPATIAL_complete,combined_kd,303,all_support,median_replacement,0.752297293755316,0.6878347396850586,0.5903591434801778,0.9174062874047986,0.27102888334951086,31
SPATIAL_complete,combined_kd,303,observation_support,median_replacement,0.752297293755316,0.6878347396850586,0.5903591434801778,0.9174062874047986,0.27102888334951086,31
SPATIAL_complete,combined_kd,303,radiation,median_replacement,0.5582396964873036,0.4685509204864502,0.43303252862345787,0.703804362925791,0.08503720571148779,31
SPATIAL_complete,combined_kd,303,temperature,median_replacement,1.0702084725902927,0.7378826141357422,0.7679001911032586,1.3872293554967448,0.5751142522135089,31
SPATIAL_complete,combined_kd,303,water_balance,median_replacement,1.143363098944387,1.1321167945861816,1.0093932112378459,1.2829704115467684,0.20651574965446223,31
SPATIAL_complete,missing_aware,101,all_physical,median_replacement,0.8080052906467069,0.8937321901321411,0.627348491934038,1.0040649299660032,0.19866561394353066,31
SPATIAL_complete,missing_aware,101,all_support,median_replacement,0.3105454444885254,0.22285199165344238,0.22996397979797858,0.3953386332719557,0.023490405482630573,31
SPATIAL_complete,missing_aware,101,observation_support,median_replacement,0.3105454444885254,0.22285199165344238,0.22996397979797858,0.3953386332719557,0.023490405482630573,31
SPATIAL_complete,missing_aware,101,radiation,median_replacement,0.4738722462807932,0.43398571014404297,0.37557532450845166,0.5683002647853667,0.09315929652798559,31
SPATIAL_complete,missing_aware,101,temperature,median_replacement,1.05075196296938,0.28416013717651367,0.562039195049194,1.5755050061210505,0.6976707788898099,31
SPATIAL_complete,missing_aware,101,water_balance,median_replacement,0.49749422457910353,0.47959136962890625,0.39151250037454793,0.6082595078214522,0.08188791591890394,31
SPATIAL_complete,missing_aware,202,all_physical,median_replacement,0.9362139663388652,0.7649178504943848,0.7116375843363424,1.164099349417994,-0.40396176408952283,31
SPATIAL_complete,missing_aware,202,all_support,median_replacement,0.5022250183166996,0.3400745391845703,0.3618629805503353,0.6534791023500502,0.04171440804389214,31
SPATIAL_complete,missing_aware,202,observation_support,median_replacement,0.5022250183166996,0.3400745391845703,0.3618629805503353,0.6534791023500502,0.04171440804389214,31
SPATIAL_complete,missing_aware,202,radiation,median_replacement,0.9668863511854603,0.8130600452423096,0.6819241908288771,1.26940066083785,-0.1502783938992408,31
SPATIAL_complete,missing_aware,202,temperature,median_replacement,1.1315090656280518,0.5609833002090454,0.701490092085254,1.6209822388425943,0.5024572239537393,31
SPATIAL_complete,missing_aware,202,water_balance,median_replacement,0.6912277706207768,0.2936434745788574,0.4369613551324414,0.9586834427810482,0.25365065103961576,31
SPATIAL_complete,missing_aware,303,all_physical,median_replacement,1.7680507552239202,1.0342044830322266,1.198342885701887,2.390522836196807,0.6434597892145957,31
SPATIAL_complete,missing_aware,303,all_support,median_replacement,0.29956904918916766,0.2896289825439453,0.24573668683728864,0.3581606219853124,0.07996825768870691,31
SPATIAL_complete,missing_aware,303,observation_support,median_replacement,0.29956904918916766,0.2896289825439453,0.24573668683728864,0.3581606219853124,0.07996825768870691,31
SPATIAL_complete,missing_aware,303,radiation,median_replacement,1.1663118427799595,1.514048457145691,0.9244241581809136,1.4135303900126488,0.020432643352016312,31
SPATIAL_complete,missing_aware,303,temperature,median_replacement,0.7668664378504599,0.5499334335327148,0.5674953404934175,0.9870895203082792,0.1780443334271831,31
SPATIAL_complete,missing_aware,303,water_balance,median_replacement,0.6637066871889176,0.4311835765838623,0.473745709273123,0.8714285171801044,0.013875962657313192,31
SPATIAL_complete,prediction_kd,101,all_physical,median_replacement,1.122442787693393,1.1439611911773682,0.9561635654780173,1.2838884586288084,0.4341606752641739,31
SPATIAL_complete,prediction_kd,101,all_support,median_replacement,0.46023716080573296,0.43707942962646484,0.37398331732519213,0.5506068400798306,0.15885482231263193,31
SPATIAL_complete,prediction_kd,101,observation_support,median_replacement,0.46023716080573296,0.43707942962646484,0.37398331732519213,0.5506068400798306,0.15885482231263193,31
SPATIAL_complete,prediction_kd,101,radiation,median_replacement,0.5661166060355401,0.751582145690918,0.4221280875705904,0.7264404552598152,0.17994287364713607,31
SPATIAL_complete,prediction_kd,101,temperature,median_replacement,1.1294886412159089,0.6061303615570068,0.6899606992160121,1.5993693469993524,0.7871740314422115,31
SPATIAL_complete,prediction_kd,101,water_balance,median_replacement,0.7429002446513022,0.5976510047912598,0.573557057303767,0.9274312282762215,0.23752834120104388,31
SPATIAL_complete,prediction_kd,202,all_physical,median_replacement,0.7777919923105547,0.5419013500213623,0.5519527333398019,1.0375435522487086,-0.053629755389305804,31
SPATIAL_complete,prediction_kd,202,all_support,median_replacement,1.5558059446273311,1.1434478759765625,1.1826766414027061,1.961194454181578,0.8580801041510797,31
SPATIAL_complete,prediction_kd,202,observation_support,median_replacement,1.5558059446273311,1.1434478759765625,1.1826766414027061,1.961194454181578,0.8580801041510797,31
SPATIAL_complete,prediction_kd,202,radiation,median_replacement,1.8810799352584346,1.8604334592819214,1.584454768367352,2.1914212284549586,0.5065999710944391,31
SPATIAL_complete,prediction_kd,202,temperature,median_replacement,1.3721354161539385,0.8449187278747559,0.9070210687575802,1.8544767675861236,0.7477355199013986,31
SPATIAL_complete,prediction_kd,202,water_balance,median_replacement,0.9015972075923797,0.6913228034973145,0.6429161670707888,1.2151027794807188,0.18642575288588,31
SPATIAL_complete,prediction_kd,303,all_physical,median_replacement,0.9183412771071157,0.9449996948242188,0.8128562808517487,1.0174538627266885,0.18210282917945614,31
SPATIAL_complete,prediction_kd,303,all_support,median_replacement,0.3394391594394561,0.2641613483428955,0.24527085413855892,0.4467886534910048,-0.027654450401183084,31
SPATIAL_complete,prediction_kd,303,observation_support,median_replacement,0.3394391594394561,0.2641613483428955,0.24527085413855892,0.4467886534910048,-0.027654450401183084,31
SPATIAL_complete,prediction_kd,303,radiation,median_replacement,0.4603169214340948,0.5381228923797607,0.340726258485548,0.5734643404522249,0.07271630553276305,31
SPATIAL_complete,prediction_kd,303,temperature,median_replacement,0.7594414391825276,0.40316009521484375,0.4991846906562005,1.0488758704354684,0.2241660879965751,31
SPATIAL_complete,prediction_kd,303,water_balance,median_replacement,0.6724021953921164,0.7277679443359375,0.5804161506314431,0.7590692393722073,0.06834325591979486,31
SPATIAL_complete,representation_kd,101,all_physical,median_replacement,0.4900275122734808,0.4560256004333496,0.38952229792071924,0.5953929597331632,0.12438127413103658,31
SPATIAL_complete,representation_kd,101,all_support,median_replacement,0.2123755601144606,0.2194991111755371,0.16538953550400273,0.26071046129349734,-0.04032772750239216,31
SPATIAL_complete,representation_kd,101,observation_support,median_replacement,0.2123755601144606,0.2194991111755371,0.16538953550400273,0.26071046129349734,-0.04032772750239216,31
SPATIAL_complete,representation_kd,101,radiation,median_replacement,0.2868997666143602,0.3037494421005249,0.21793958208253308,0.3600060147623862,0.08816176845181373,31
SPATIAL_complete,representation_kd,101,temperature,median_replacement,0.2171166020054971,0.1956479549407959,0.1665024567996302,0.27532310928067844,-0.08076940253473096,31
SPATIAL_complete,representation_kd,101,water_balance,median_replacement,0.27340633638443484,0.22572660446166992,0.2131652435948772,0.34143707031203857,-0.06890358051176994,31
SPATIAL_complete,representation_kd,202,all_physical,median_replacement,1.086903601884842,0.513559103012085,0.7375038741096377,1.4575304731245964,-0.06307348464381303,31
SPATIAL_complete,representation_kd,202,all_support,median_replacement,0.5186395299050116,0.39258599281311035,0.37352205255339227,0.671934905936641,0.09516793998595208,31
SPATIAL_complete,representation_kd,202,observation_support,median_replacement,0.5186395299050116,0.39258599281311035,0.37352205255339227,0.671934905936641,0.09516793998595208,31
SPATIAL_complete,representation_kd,202,radiation,median_replacement,0.8265708127329426,0.7223931550979614,0.652843977847407,1.0056589059291348,0.1418664443262162,31
SPATIAL_complete,representation_kd,202,temperature,median_replacement,0.6113191919942056,0.5342297554016113,0.42017342304029776,0.8285415271597523,0.3499547649814237,31
SPATIAL_complete,representation_kd,202,water_balance,median_replacement,1.0004489796776925,0.3778808116912842,0.6548431947106316,1.3770513795796897,-0.1644446171868231,31
SPATIAL_complete,representation_kd,303,all_physical,median_replacement,0.8995921611785889,0.6073849201202393,0.6311654463891062,1.180343678305226,0.5595259328657581,31
SPATIAL_complete,representation_kd,303,all_support,median_replacement,0.6678680373776343,0.5238344669342041,0.5311894416809082,0.8130179872435908,0.3781835626786755,31
SPATIAL_complete,representation_kd,303,observation_support,median_replacement,0.6678680373776343,0.5238344669342041,0.5311894416809082,0.8130179872435908,0.3781835626786755,31
SPATIAL_complete,representation_kd,303,radiation,median_replacement,0.731492773179085,0.6856794357299805,0.5987172444020548,0.8685530549095521,0.08732525505558136,31
SPATIAL_complete,representation_kd,303,temperature,median_replacement,1.4519349221260316,0.9175682067871094,0.9516038154402087,1.980910787851579,1.1476676061076503,31
SPATIAL_complete,representation_kd,303,water_balance,median_replacement,0.32616354573157524,0.250962495803833,0.23096901505224168,0.42985120434914853,0.07355322702469363,31
SPATIAL_complete,supervised,101,all_physical,median_replacement,0.4155020444623886,0.47801095247268677,0.3524076932380277,0.4758152102270434,0.08550009619805123,31
SPATIAL_complete,supervised,101,all_support,median_replacement,0.4651157356077625,0.46679162979125977,0.3605610364867795,0.5688833158343068,-0.08896757448873209,31
SPATIAL_complete,supervised,101,observation_support,median_replacement,0.4651157356077625,0.46679162979125977,0.3605610364867795,0.5688833158343068,-0.08896757448873209,31
SPATIAL_complete,supervised,101,radiation,median_replacement,0.3320933118943245,0.3734450340270996,0.26193720621447414,0.4018176438827668,0.07862415710572274,31
SPATIAL_complete,supervised,101,temperature,median_replacement,0.3554023734984859,0.1859722137451172,0.23732306385232557,0.47745106412518407,-0.008852185126273861,31
SPATIAL_complete,supervised,101,water_balance,median_replacement,0.5407570523600425,0.44786763191223145,0.4258789258137826,0.6573210174037563,0.05059164247205181,31
SPATIAL_complete,supervised,202,all_physical,median_replacement,0.8539310155376312,0.7845638990402222,0.6885459538429015,1.0187952853018236,-0.27269062033007224,31
SPATIAL_complete,supervised,202,all_support,median_replacement,1.3620703028094383,0.7683141231536865,1.012937744682835,1.7325314427575755,0.8759511260678691,31
SPATIAL_complete,supervised,202,observation_support,median_replacement,1.3620703028094383,0.7683141231536865,1.012937744682835,1.7325314427575755,0.8759511260678691,31
SPATIAL_complete,supervised,202,radiation,median_replacement,1.018908400689402,1.0656440258026123,0.7982316625695075,1.2557864856335423,-0.1427442543275895,31
SPATIAL_complete,supervised,202,temperature,median_replacement,1.114399467745135,0.36608052253723145,0.6976243536318503,1.5611227097049831,0.6956383306134132,31
SPATIAL_complete,supervised,202,water_balance,median_replacement,0.844680666923523,0.7106289863586426,0.602215164707553,1.102290061789174,0.2844129330727362,31
SPATIAL_complete,supervised,303,all_physical,median_replacement,0.9719966842282203,1.2516193389892578,0.7475183669597872,1.1965661329607808,0.20166360738200526,31
SPATIAL_complete,supervised,303,all_support,median_replacement,0.48194048770012393,0.43430089950561523,0.3766636408865452,0.5945121968465465,0.22680111478221032,31
SPATIAL_complete,supervised,303,observation_support,median_replacement,0.48194048770012393,0.43430089950561523,0.3766636408865452,0.5945121968465465,0.22680111478221032,31
SPATIAL_complete,supervised,303,radiation,median_replacement,1.2929937743371533,1.7336218357086182,1.0108252823833497,1.5872691310221148,0.36599501912824567,31
SPATIAL_complete,supervised,303,temperature,median_replacement,0.9714938978995046,0.888566255569458,0.7537999170441781,1.1926799972211162,0.31629664876384117,31
SPATIAL_complete,supervised,303,water_balance,median_replacement,0.28356506747584187,0.23371148109436035,0.2099902516411197,0.37771483967381136,0.01809824783571304,31
GROUP_complete,combined_kd,101,all_physical,within_test_permutation,0.7889088838658435,0.42774667382240295,0.6350273241457788,0.9432803231985011,0.49365788993023796,94
GROUP_complete,combined_kd,101,all_support,within_test_permutation,0.7051573471312826,0.6695088672637939,0.631297409311888,0.7798012841749701,0.4420466835216766,94
GROUP_complete,combined_kd,101,observation_support,within_test_permutation,0.7051573471312826,0.6695088672637939,0.631297409311888,0.7798012841749701,0.4420466835216766,94
GROUP_complete,combined_kd,101,radiation,within_test_permutation,0.5513408868363563,0.1630760407447815,0.39541183421332793,0.7086428761177874,0.42658201274100765,94
GROUP_complete,combined_kd,101,temperature,within_test_permutation,0.39297612442615176,0.3430354726314545,0.3436568061931336,0.4442372659349694,0.1843248227974709,94
GROUP_complete,combined_kd,101,water_balance,within_test_permutation,0.31477692923647294,0.2666561210155487,0.2723594904167856,0.3697271865137079,0.08059068318711952,94
GROUP_complete,combined_kd,202,all_physical,within_test_permutation,0.6024107691308725,0.46679561138153075,0.5506708061912786,0.6583772969201855,0.26993741451313186,115
GROUP_complete,combined_kd,202,all_support,within_test_permutation,0.7410634453814964,0.5772848892211914,0.6420780358412992,0.8408012948077658,0.19619811505226464,115
GROUP_complete,combined_kd,202,observation_support,within_test_permutation,0.7410634453814964,0.5772848892211914,0.6420780358412992,0.8408012948077658,0.19619811505226464,115
GROUP_complete,combined_kd,202,radiation,within_test_permutation,0.38633419689924814,0.36703781127929686,0.3517127132560897,0.4210858333103036,0.10523325226941314,115
GROUP_complete,combined_kd,202,temperature,within_test_permutation,0.3758188621272211,0.2485654354095459,0.3212076734382173,0.43191910367996794,0.08885225428954414,115
GROUP_complete,combined_kd,202,water_balance,within_test_permutation,0.28029053579724356,0.17732758760452272,0.2405124044494785,0.31953056589805556,-0.018118325418596676,115
GROUP_complete,combined_kd,303,all_physical,within_test_permutation,0.5767895196201982,0.5278712439537049,0.5324654556410287,0.6370135087867577,0.15959162089327333,93
GROUP_complete,combined_kd,303,all_support,within_test_permutation,0.12306836583281076,0.09247400999069214,0.09907654755794877,0.15752681564002907,-0.020928153438875753,93
GROUP_complete,combined_kd,303,observation_support,within_test_permutation,0.12306836583281076,0.09247400999069214,0.09907654755794877,0.15752681564002907,-0.020928153438875753,93
GROUP_complete,combined_kd,303,radiation,within_test_permutation,0.22989250321542065,0.21162444353103638,0.2072082828629401,0.2531617475001402,0.07183823742569134,93
GROUP_complete,combined_kd,303,temperature,within_test_permutation,0.21269471037772394,0.16485933303833009,0.16813632412206744,0.2890021862519044,-0.005462259321930598,93
GROUP_complete,combined_kd,303,water_balance,within_test_permutation,0.41870773615375645,0.41738646507263183,0.3855766965403992,0.4531426739522847,0.1332971389229067,93
GROUP_complete,missing_aware,101,all_physical,within_test_permutation,0.8025966398766701,0.6585080242156982,0.7306204431399387,0.8759572629158165,0.3006466935157776,94
GROUP_complete,missing_aware,101,all_support,within_test_permutation,0.3636092553874279,0.3363429927825928,0.3201007263054873,0.4076381903452441,0.08155764049864829,94
GROUP_complete,missing_aware,101,observation_support,within_test_permutation,0.3636092553874279,0.3363429927825928,0.3201007263054873,0.4076381903452441,0.08155764049864829,94
GROUP_complete,missing_aware,101,radiation,within_test_permutation,0.2806734006075149,0.20914811313152315,0.2357602506416275,0.3293164438535558,0.09842306971803626,94
GROUP_complete,missing_aware,101,temperature,within_test_permutation,0.2113520620858415,0.15822878003120422,0.17374746691514836,0.2586927862722188,0.04363154148659808,94
GROUP_complete,missing_aware,101,water_balance,within_test_permutation,0.4678370507220005,0.4466047924757004,0.42901081337541974,0.5099630692870692,0.07504954286352115,94
GROUP_complete,missing_aware,202,all_physical,within_test_permutation,0.6920153212754623,0.6014943134784698,0.6307437970941481,0.7557439412119595,0.3422024406308713,115
GROUP_complete,missing_aware,202,all_support,within_test_permutation,0.8391620901149252,0.6683210206031799,0.7369223856550198,0.9469210102547769,0.2611321475340802,115
GROUP_complete,missing_aware,202,observation_support,within_test_permutation,0.8391620901149252,0.6683210206031799,0.7369223856550198,0.9469210102547769,0.2611321475340802,115
GROUP_complete,missing_aware,202,radiation,within_test_permutation,0.27994963238550274,0.2359269654750824,0.243332753569406,0.3173615194074486,0.08871985371274535,115
GROUP_complete,missing_aware,202,temperature,within_test_permutation,0.5652522046902906,0.4678688931465149,0.48538384753141717,0.6480893208207642,0.3206012763497104,115
GROUP_complete,missing_aware,202,water_balance,within_test_permutation,0.46358993575883944,0.44060152053833007,0.41493726907340084,0.5192434485557935,0.030377547945105516,115
GROUP_complete,missing_aware,303,all_physical,within_test_permutation,0.7127796261284941,0.6626358008384705,0.6793675212353788,0.7509284751613935,0.23872402786624047,93
GROUP_complete,missing_aware,303,all_support,within_test_permutation,0.124466877009279,0.08325933694839477,0.09566077268508173,0.16718975329783647,-0.02937731515228108,93
GROUP_complete,missing_aware,303,observation_support,within_test_permutation,0.124466877009279,0.08325933694839477,0.09566077268508173,0.16718975329783647,-0.02937731515228108,93
GROUP_complete,missing_aware,303,radiation,within_test_permutation,0.3510075888582455,0.3263498139381409,0.323688840187365,0.3806893945022295,0.060564528218751315,93
GROUP_complete,missing_aware,303,temperature,within_test_permutation,0.16145915644143216,0.12819982528686524,0.12733185581366221,0.21770206777254747,0.0036700011962972692,93
GROUP_complete,missing_aware,303,water_balance,within_test_permutation,0.44719856462171004,0.4159655404090881,0.4234689135442498,0.4721353529845514,0.10759895202349594,93
GROUP_complete,prediction_kd,101,all_physical,within_test_permutation,0.9463612848013006,0.6588042449951171,0.8007140718964821,1.1070403621716702,0.1834785419418457,94
GROUP_complete,prediction_kd,101,all_support,within_test_permutation,1.6248273243168572,1.3053510862588884,1.4373047824568572,1.8256908913232548,0.07110146422173114,94
GROUP_complete,prediction_kd,101,observation_support,within_test_permutation,1.6248273243168572,1.3053510862588884,1.4373047824568572,1.8256908913232548,0.07110146422173114,94
GROUP_complete,prediction_kd,101,radiation,within_test_permutation,0.45903237308910566,0.1641788637638092,0.34252760264087245,0.5762852566613953,0.17258688888937868,94
GROUP_complete,prediction_kd,101,temperature,within_test_permutation,0.6262198469930507,0.49866374433040617,0.5333440361742644,0.724297374718208,-0.024155011046947308,94
GROUP_complete,prediction_kd,101,water_balance,within_test_permutation,1.1795594349725447,0.5827933582663536,0.939896195312843,1.426969440384114,-0.488103378574975,94
GROUP_complete,prediction_kd,202,all_physical,within_test_permutation,0.8445904697490775,0.7968690943717956,0.8079590920713934,0.8842491502340073,0.27487914620221177,115
GROUP_complete,prediction_kd,202,all_support,within_test_permutation,0.904723921208278,0.7137440371513367,0.8120239044808825,1.0047394670584926,0.268564196914735,115
GROUP_complete,prediction_kd,202,observation_support,within_test_permutation,0.904723921208278,0.7137440371513367,0.8120239044808825,1.0047394670584926,0.268564196914735,115
GROUP_complete,prediction_kd,202,radiation,within_test_permutation,0.43483934140723685,0.40795900583267214,0.4026321370459769,0.46695629239898656,0.17614795078816622,115
GROUP_complete,prediction_kd,202,temperature,within_test_permutation,0.7161521024082019,0.5505231046676635,0.6494336487725376,0.7834740217413589,0.26762034802080237,115
GROUP_complete,prediction_kd,202,water_balance,within_test_permutation,0.7333312179316646,0.6624163091182709,0.682282542844538,0.7851877225719066,0.15150311870189337,115
GROUP_complete,prediction_kd,303,all_physical,within_test_permutation,0.6695083341419056,0.5991121351718902,0.615091717065342,0.7390573946487516,0.18157677329247998,93
GROUP_complete,prediction_kd,303,all_support,within_test_permutation,0.15681580026944478,0.12577603340148927,0.13816904280422837,0.17625750897872824,-0.03308050652606513,93
GROUP_complete,prediction_kd,303,observation_support,within_test_permutation,0.15681580026944478,0.12577603340148927,0.13816904280422837,0.17625750897872824,-0.03308050652606513,93
GROUP_complete,prediction_kd,303,radiation,within_test_permutation,0.2485924320451675,0.2213265061378479,0.22521237485126788,0.2746767333092228,0.015534131602728244,93
GROUP_complete,prediction_kd,303,temperature,within_test_permutation,0.24299230690925347,0.16937431573867798,0.2034843613793773,0.28917077658189244,-0.005852029320706612,93
GROUP_complete,prediction_kd,303,water_balance,within_test_permutation,0.5087180257740841,0.44859724283218383,0.4551704875967836,0.569194985978706,0.15703864511930815,93
GROUP_complete,representation_kd,101,all_physical,within_test_permutation,0.711163108780029,0.48353421568870547,0.6113858328401407,0.810579340607562,0.4005579897385454,94
GROUP_complete,representation_kd,101,all_support,within_test_permutation,0.4708999843800321,0.4975282573699951,0.42959276090911097,0.5139055832196424,0.18524371979956938,94
GROUP_complete,representation_kd,101,observation_support,within_test_permutation,0.4708999843800321,0.4975282573699951,0.42959276090911097,0.5139055832196424,0.18524371979956938,94
GROUP_complete,representation_kd,101,radiation,within_test_permutation,0.4449152523913283,0.3353120744228363,0.37294753671294834,0.5215565304131582,0.21901017658051017,94
GROUP_complete,representation_kd,101,temperature,within_test_permutation,0.19740791428596416,0.17215341567993164,0.18121580603052964,0.21485531474110922,0.0618290358144679,94
GROUP_complete,representation_kd,101,water_balance,within_test_permutation,0.3092209313144075,0.263730029463768,0.2796914102022953,0.3407628534823021,0.10393134736923461,94
GROUP_complete,representation_kd,202,all_physical,within_test_permutation,0.5830036862622135,0.5618707263469696,0.5557932875397412,0.6108030544449455,0.11381432979948626,115
GROUP_complete,representation_kd,202,all_support,within_test_permutation,0.7212366255780923,0.6557618427276611,0.6464955154175344,0.7970029443564621,0.10746917493181646,115
GROUP_complete,representation_kd,202,observation_support,within_test_permutation,0.7212366255780923,0.6557618427276611,0.6464955154175344,0.7970029443564621,0.10746917493181646,115
GROUP_complete,representation_kd,202,radiation,within_test_permutation,0.3632638411677402,0.36060320019721986,0.3323660811737828,0.39774764245139516,0.1357663915297052,115
GROUP_complete,representation_kd,202,temperature,within_test_permutation,0.6418639597270799,0.5798619079589844,0.5908737477553927,0.6919742397912171,0.18708412347776993,115
GROUP_complete,representation_kd,202,water_balance,within_test_permutation,0.421774262982866,0.39989742279052737,0.3976432834474937,0.44648884508104425,-0.04221368597167471,115
GROUP_complete,representation_kd,303,all_physical,within_test_permutation,0.3832978203219751,0.3352565109729767,0.3396775795141215,0.4496793969302406,0.042302200275134025,93
GROUP_complete,representation_kd,303,all_support,within_test_permutation,0.23238150514582154,0.2329918599128723,0.2084482844808409,0.2610056526811533,-0.10103836225940337,93
GROUP_complete,representation_kd,303,observation_support,within_test_permutation,0.23238150514582154,0.2329918599128723,0.2084482844808409,0.2610056526811533,-0.10103836225940337,93
GROUP_complete,representation_kd,303,radiation,within_test_permutation,0.3217526135906096,0.2656484282016754,0.28162034858394697,0.366231719774905,0.08677982928552937,93
GROUP_complete,representation_kd,303,temperature,within_test_permutation,0.30283070111787447,0.28885886669158933,0.25474762831035475,0.38046655611645785,-0.06067836839029867,93
GROUP_complete,representation_kd,303,water_balance,within_test_permutation,0.28827962849729805,0.25668576478958127,0.26367960451238903,0.3166907514766339,0.07363734409106676,93
GROUP_complete,supervised,101,all_physical,within_test_permutation,0.580471442138895,0.4010349816083908,0.4865830532274347,0.6831363294365559,0.2025990677418607,94
GROUP_complete,supervised,101,all_support,within_test_permutation,0.5183839269267754,0.5022659623622895,0.47672885633466094,0.5611955859074567,-0.026979693725159813,94
GROUP_complete,supervised,101,observation_support,within_test_permutation,0.5183839269267754,0.5022659623622895,0.47672885633466094,0.5611955859074567,-0.026979693725159813,94
GROUP_complete,supervised,101,radiation,within_test_permutation,0.39992247364622474,0.34508455753326417,0.3332915460350032,0.46637965754625654,0.10202312096402999,94
GROUP_complete,supervised,101,temperature,within_test_permutation,0.18376663580853886,0.12981102824211121,0.15425064739743446,0.2163789357146684,0.02334939726342546,94
GROUP_complete,supervised,101,water_balance,within_test_permutation,0.4894341905319944,0.4284606045484543,0.4229628361596707,0.5620076480958055,-0.12524746925820696,94
GROUP_complete,supervised,202,all_physical,within_test_permutation,0.6666694422286489,0.668937578201294,0.6378779001326665,0.6951574177526911,0.28753212366460723,115
GROUP_complete,supervised,202,all_support,within_test_permutation,0.6129818383299785,0.32694535732269286,0.4968412765860557,0.7410245303918485,0.25137428614027607,115
GROUP_complete,supervised,202,observation_support,within_test_permutation,0.6129818383299785,0.32694535732269286,0.4968412765860557,0.7410245303918485,0.25137428614027607,115
GROUP_complete,supervised,202,radiation,within_test_permutation,0.23453401668175405,0.2238461434841156,0.21349325318906617,0.25447916495126227,0.04557934993586332,115
GROUP_complete,supervised,202,temperature,within_test_permutation,0.329204995341923,0.36891420602798464,0.29934950451669484,0.35928293111142906,0.06337281745960402,115
GROUP_complete,supervised,202,water_balance,within_test_permutation,0.30161578808660094,0.3530324220657349,0.27412006578341774,0.3297547383983498,0.018591794007342795,115
GROUP_complete,supervised,303,all_physical,within_test_permutation,0.9986033949159807,0.8982073259353638,0.9162378940316296,1.0930985197322345,0.35106795305795563,93
GROUP_complete,supervised,303,all_support,within_test_permutation,0.21463137126738022,0.13557308554649353,0.16337816956767473,0.2726372986467936,0.013720628494549823,93
GROUP_complete,supervised,303,observation_support,within_test_permutation,0.21463137126738022,0.13557308554649353,0.16337816956767473,0.2726372986467936,0.013720628494549823,93
GROUP_complete,supervised,303,radiation,within_test_permutation,0.5922543063599576,0.5579975640773773,0.5473607698118174,0.6433279394850294,0.11422210701675825,93
GROUP_complete,supervised,303,temperature,within_test_permutation,0.33433874255867413,0.30424745559692384,0.30015492688103385,0.375462148365154,-0.03690686131815757,93
GROUP_complete,supervised,303,water_balance,within_test_permutation,0.42362495806909384,0.3828324282169342,0.39200178923978596,0.4589316062126109,0.03798848947607061,93
SPATIAL_complete,combined_kd,101,all_physical,within_test_permutation,0.3423159965007535,0.21057672500610353,0.25674394066776,0.44202715307185736,-0.05678155579013207,31
SPATIAL_complete,combined_kd,101,all_support,within_test_permutation,0.12492244839668273,0.10885759353637696,0.09852705243229867,0.15932082973853232,0.05170076636560501,31
SPATIAL_complete,combined_kd,101,observation_support,within_test_permutation,0.12492244839668273,0.10885759353637696,0.09852705243229867,0.15932082973853232,0.05170076636560501,31
SPATIAL_complete,combined_kd,101,radiation,within_test_permutation,0.08281335319242171,0.06425153374671937,0.06140528735422319,0.1094442382233758,-0.02739190903417525,31
SPATIAL_complete,combined_kd,101,temperature,within_test_permutation,0.390078630908843,0.23609166026115416,0.2617911231873497,0.5316676407648669,0.17467974958850493,31
SPATIAL_complete,combined_kd,101,water_balance,within_test_permutation,0.28061820833913736,0.15399752736091613,0.20080268045875332,0.37154918760445804,-0.03273314982844935,31
SPATIAL_complete,combined_kd,202,all_physical,within_test_permutation,0.435850286637583,0.377396879196167,0.36636717846124406,0.5100454405450051,0.08403204428642028,31
SPATIAL_complete,combined_kd,202,all_support,within_test_permutation,0.21725935005372568,0.1569920539855957,0.15410478032404376,0.28077841555110866,0.05027935787508563,31
SPATIAL_complete,combined_kd,202,observation_support,within_test_permutation,0.21725935005372568,0.1569920539855957,0.15410478032404376,0.28077841555110866,0.05027935787508563,31
SPATIAL_complete,combined_kd,202,radiation,within_test_permutation,0.35474391937255867,0.3038829469680786,0.31510475466712823,0.40044465509345445,0.000372689221289848,31
SPATIAL_complete,combined_kd,202,temperature,within_test_permutation,0.45379543935098954,0.2766064047813416,0.32888627293802075,0.5914412578209753,0.18348722253491803,31
SPATIAL_complete,combined_kd,202,water_balance,within_test_permutation,0.2544702625274658,0.19238675355911256,0.20621608390538926,0.3114883544070105,-0.03843458929984799,31
SPATIAL_complete,combined_kd,303,all_physical,within_test_permutation,0.851948579023442,0.7906576061248779,0.7908822258597902,0.9207188683370908,0.25415935394227507,31
SPATIAL_complete,combined_kd,303,all_support,within_test_permutation,0.3779442047399859,0.31389480113983154,0.2971955216045101,0.4632432116538647,0.12835222761807896,31
SPATIAL_complete,combined_kd,303,observation_support,within_test_permutation,0.3779442047399859,0.31389480113983154,0.2971955216045101,0.4632432116538647,0.12835222761807896,31
SPATIAL_complete,combined_kd,303,radiation,within_test_permutation,0.5255801447360747,0.4915392231941223,0.47507264052043036,0.5775169753506778,0.15011569187718052,31
SPATIAL_complete,combined_kd,303,temperature,within_test_permutation,0.47478542938347773,0.39756691932678223,0.40596049720601696,0.5464706377077005,0.228048442815273,31
SPATIAL_complete,combined_kd,303,water_balance,within_test_permutation,0.8226565769314768,0.90173330783844,0.6959713188537188,0.9486982532667535,0.2760669537820355,31
SPATIAL_complete,missing_aware,101,all_physical,within_test_permutation,0.44532194024132143,0.4128971135616302,0.40915359955737673,0.4862339668120107,0.039685545833495345,31
SPATIAL_complete,missing_aware,101,all_support,within_test_permutation,0.3672347725783625,0.4025053083896637,0.32706356834259726,0.40869690520724944,0.12690774287454543,31
SPATIAL_complete,missing_aware,101,observation_support,within_test_permutation,0.3672347725783625,0.4025053083896637,0.32706356834259726,0.40869690520724944,0.12690774287454543,31
SPATIAL_complete,missing_aware,101,radiation,within_test_permutation,0.3503620789127965,0.3856405544281006,0.27699076600036315,0.42626082547249333,0.05967385540377707,31
SPATIAL_complete,missing_aware,101,temperature,within_test_permutation,0.6887792192351434,0.2488279700279236,0.38091044180623956,1.0173259514156847,0.4464228289170418,31
SPATIAL_complete,missing_aware,101,water_balance,within_test_permutation,0.4187453680461452,0.43637961864471436,0.34686481071575986,0.4948198395746369,0.04442271152665538,31
SPATIAL_complete,missing_aware,202,all_physical,within_test_permutation,1.0543765966930696,1.1311342740058898,0.9397006545662882,1.165093499374486,-0.004933624563371018,31
SPATIAL_complete,missing_aware,202,all_support,within_test_permutation,0.493055825329596,0.4366390514373779,0.4184104434458478,0.5694566396143167,0.05467939763330643,31
SPATIAL_complete,missing_aware,202,observation_support,within_test_permutation,0.493055825329596,0.4366390514373779,0.4184104434458478,0.5694566396143167,0.05467939763330643,31
SPATIAL_complete,missing_aware,202,radiation,within_test_permutation,0.6093463756961208,0.7553955495357514,0.4661851129474178,0.7597679586622021,-0.03412100253566619,31
SPATIAL_complete,missing_aware,202,temperature,within_test_permutation,0.6062033069133759,0.6147466599941254,0.5325203514108735,0.6792437132077833,-0.0189548073962427,31
SPATIAL_complete,missing_aware,202,water_balance,within_test_permutation,1.0419265921750378,1.1369109666347503,0.8297871597493369,1.25069692005193,-0.12231326539201122,31
SPATIAL_complete,missing_aware,303,all_physical,within_test_permutation,1.2759401879772063,1.2329348134994507,1.2145251054004316,1.3429834551292081,0.3247921747441445,31
SPATIAL_complete,missing_aware,303,all_support,within_test_permutation,0.21567983502341848,0.2123226821422577,0.1563338769794472,0.2745677920358796,0.018084067372814292,31
SPATIAL_complete,missing_aware,303,observation_support,within_test_permutation,0.21567983502341848,0.2123226821422577,0.1563338769794472,0.2745677920358796,0.018084067372814292,31
SPATIAL_complete,missing_aware,303,radiation,within_test_permutation,0.423937073176907,0.3890204954147339,0.3277642626075014,0.5255396698333563,0.049124718904802876,31
SPATIAL_complete,missing_aware,303,temperature,within_test_permutation,0.24949565022222459,0.21392487049102782,0.2118228203327425,0.28787282565043815,0.05699507402512335,31
SPATIAL_complete,missing_aware,303,water_balance,within_test_permutation,0.9891718077467333,1.1874413752555848,0.8135119982770375,1.1542347365920582,0.09688463448816732,31
SPATIAL_complete,prediction_kd,101,all_physical,within_test_permutation,0.8114353509872191,0.6376454567909241,0.6769785007497958,0.959066153991607,0.3499546820265247,31
SPATIAL_complete,prediction_kd,101,all_support,within_test_permutation,0.2435706575455204,0.23182940483093262,0.18589972686094625,0.3071852518550811,0.10134630501224148,31
SPATIAL_complete,prediction_kd,101,observation_support,within_test_permutation,0.2435706575455204,0.23182940483093262,0.18589972686094625,0.3071852518550811,0.10134630501224148,31
SPATIAL_complete,prediction_kd,101,radiation,within_test_permutation,0.5779045876956757,0.6815489757061005,0.46219100802319674,0.6937417708772327,0.25264422478629694,31
SPATIAL_complete,prediction_kd,101,temperature,within_test_permutation,0.283236924832867,0.23426621913909912,0.22684630722672708,0.343236332079576,0.13565617451606257,31
SPATIAL_complete,prediction_kd,101,water_balance,within_test_permutation,0.8584241342448418,0.8498194116353989,0.7985153844659366,0.9180125227101867,0.30673422340539197,31
SPATIAL_complete,prediction_kd,202,all_physical,within_test_permutation,0.9765091053708906,0.7555556888878345,0.8172177013001375,1.1603766391008126,0.07493784196776732,31
SPATIAL_complete,prediction_kd,202,all_support,within_test_permutation,1.0448779125319374,0.9349109709262848,0.8512190969734182,1.2591302360992038,0.5047993828030171,31
SPATIAL_complete,prediction_kd,202,observation_support,within_test_permutation,1.0448779125319374,0.9349109709262848,0.8512190969734182,1.2591302360992038,0.5047993828030171,31
SPATIAL_complete,prediction_kd,202,radiation,within_test_permutation,0.7859672365457778,0.7212661361694336,0.656960839590839,0.9231623346150641,0.23467378073338543,31
SPATIAL_complete,prediction_kd,202,temperature,within_test_permutation,0.6211732877550586,0.49579184770584106,0.4875347953199619,0.7731654293979366,0.10305535679640308,31
SPATIAL_complete,prediction_kd,202,water_balance,within_test_permutation,1.0020530405256054,0.8578269898891449,0.8706332885151908,1.1833254886154203,0.02060706056125702,31
SPATIAL_complete,prediction_kd,303,all_physical,within_test_permutation,0.7100489304527159,0.5210609304904937,0.5948108887384015,0.8362016407059085,0.1679961049279859,31
SPATIAL_complete,prediction_kd,303,all_support,within_test_permutation,0.17832202051916432,0.07449796199798583,0.11547424395670818,0.24508082569174225,-0.036783930944473506,31
SPATIAL_complete,prediction_kd,303,observation_support,within_test_permutation,0.17832202051916432,0.07449796199798583,0.11547424395670818,0.24508082569174225,-0.036783930944473506,31
SPATIAL_complete,prediction_kd,303,radiation,within_test_permutation,0.39059777134849183,0.42032830476760863,0.33323369427842475,0.44867241300017596,0.07137785467963062,31
SPATIAL_complete,prediction_kd,303,temperature,within_test_permutation,0.5728686590540794,0.2235008656978607,0.35246067379415047,0.8075621665692131,0.20136618041546114,31
SPATIAL_complete,prediction_kd,303,water_balance,within_test_permutation,0.2546817484978706,0.2542083704471588,0.22573820609046566,0.285469037963498,0.007427958090689873,31
SPATIAL_complete,representation_kd,101,all_physical,within_test_permutation,0.4965735218217297,0.3782350993156433,0.39466313614095405,0.6053319142172415,0.12602099348960383,31
SPATIAL_complete,representation_kd,101,all_support,within_test_permutation,0.1473357214466218,0.14947950839996338,0.12349037687720793,0.17225271898411937,-0.026536436979847568,31
SPATIAL_complete,representation_kd,101,observation_support,within_test_permutation,0.1473357214466218,0.14947950839996338,0.12349037687720793,0.17225271898411937,-0.026536436979847568,31
SPATIAL_complete,representation_kd,101,radiation,within_test_permutation,0.17822740220254468,0.16012341856956483,0.15080884918474385,0.20811269400388957,0.013982382967856628,31
SPATIAL_complete,representation_kd,101,temperature,within_test_permutation,0.20567853189283802,0.19885183691978456,0.17901728714569923,0.2339656735293327,-0.011669796323468606,31
SPATIAL_complete,representation_kd,101,water_balance,within_test_permutation,0.3210564710247902,0.3237170910835266,0.2686085399946859,0.3771850500472129,-0.06668843259934455,31
SPATIAL_complete,representation_kd,202,all_physical,within_test_permutation,0.997367863308999,0.7325890636444092,0.816533432991274,1.1886851555243614,-0.09233547656305369,31
SPATIAL_complete,representation_kd,202,all_support,within_test_permutation,0.48273021801825483,0.5057107067108154,0.3916362845282401,0.5717287820135393,0.20680287736984995,31
SPATIAL_complete,representation_kd,202,observation_support,within_test_permutation,0.48273021801825483,0.5057107067108154,0.3916362845282401,0.5717287820135393,0.20680287736984995,31
SPATIAL_complete,representation_kd,202,radiation,within_test_permutation,0.44846696334500474,0.3966312694549561,0.3685726635321494,0.524891441910017,0.1422444367110345,31
SPATIAL_complete,representation_kd,202,temperature,within_test_permutation,0.3612423110392786,0.34463781595230103,0.31771521947076253,0.4057206599423962,0.030614121663185882,31
SPATIAL_complete,representation_kd,202,water_balance,within_test_permutation,1.0870869911966785,0.8100904035568237,0.9017563015607097,1.2871461906510016,-0.07848405114966052,31
SPATIAL_complete,representation_kd,303,all_physical,within_test_permutation,0.7029991695621322,0.5438964414596558,0.5907177747334204,0.8178076276264844,0.17260697978285053,31
SPATIAL_complete,representation_kd,303,all_support,within_test_permutation,0.4584918054121156,0.4552467727661133,0.34650172057807915,0.5664327664632469,0.2690758188994084,31
SPATIAL_complete,representation_kd,303,observation_support,within_test_permutation,0.4584918054121156,0.4552467727661133,0.34650172057807915,0.5664327664632469,0.2690758188994084,31
SPATIAL_complete,representation_kd,303,radiation,within_test_permutation,0.6362037111866858,0.5923979353904724,0.5336783784363539,0.7372099134547095,0.12001154302627809,31
SPATIAL_complete,representation_kd,303,temperature,within_test_permutation,0.5344286785010368,0.47040573120117185,0.438174356051991,0.6450106611905558,0.2978395784179626,31
SPATIAL_complete,representation_kd,303,water_balance,within_test_permutation,0.5326823320696431,0.5244867885112763,0.46750460462512505,0.5986204698326126,0.027917581235824114,31
SPATIAL_complete,supervised,101,all_physical,within_test_permutation,0.31252608068527715,0.22811759233474732,0.25678410481012637,0.3713011697117358,0.020967080021212173,31
SPATIAL_complete,supervised,101,all_support,within_test_permutation,0.34294836884544744,0.17872644424438477,0.23763739380913396,0.4585608146171415,0.057750318305569294,31
SPATIAL_complete,supervised,101,observation_support,within_test_permutation,0.34294836884544744,0.17872644424438477,0.23763739380913396,0.4585608146171415,0.057750318305569294,31
SPATIAL_complete,supervised,101,radiation,within_test_permutation,0.3473631321999334,0.3020705461502075,0.3024840219006423,0.39498227808456265,0.0780499018798336,31
SPATIAL_complete,supervised,101,temperature,within_test_permutation,0.19120555706562536,0.16752346992492675,0.1523966899711278,0.23418240796702522,0.031271899156108986,31
SPATIAL_complete,supervised,101,water_balance,within_test_permutation,0.5516941030179301,0.4800446033477783,0.4955465241252415,0.6151228009635403,0.1056313498490856,31
SPATIAL_complete,supervised,202,all_physical,within_test_permutation,0.9736512296045982,0.783548401594162,0.8259607529813244,1.1227885291869601,0.16953637394289817,31
SPATIAL_complete,supervised,202,all_support,within_test_permutation,0.5476377787897664,0.25819666385650636,0.3494270741391566,0.7516327098660891,0.25987898627650347,31
SPATIAL_complete,supervised,202,observation_support,within_test_permutation,0.5476377787897664,0.25819666385650636,0.3494270741391566,0.7516327098660891,0.25987898627650347,31
SPATIAL_complete,supervised,202,radiation,within_test_permutation,0.4738161899582033,0.41767404437065125,0.3879491753155187,0.5855055278674247,0.007645255492733371,31
SPATIAL_complete,supervised,202,temperature,within_test_permutation,0.4206083652088719,0.2709935164451599,0.30418262270141033,0.5450491333387553,0.10262387629678173,31
SPATIAL_complete,supervised,202,water_balance,within_test_permutation,0.8838396147951003,0.8491935205459594,0.7752880169883851,1.0086880740148405,-0.007720988096883226,31
SPATIAL_complete,supervised,303,all_physical,within_test_permutation,0.7107410189605526,0.698276720046997,0.6771912070327707,0.7487087373697467,0.11175046571916153,31
SPATIAL_complete,supervised,303,all_support,within_test_permutation,0.3085147935728873,0.24143129348754883,0.234063106597912,0.3860118323091056,0.10400530379849092,31
SPATIAL_complete,supervised,303,observation_support,within_test_permutation,0.3085147935728873,0.24143129348754883,0.234063106597912,0.3860118323091056,0.10400530379849092,31
SPATIAL_complete,supervised,303,radiation,within_test_permutation,0.4581728194990465,0.4948878335952759,0.3760619576602212,0.5370481130576903,0.0949154033805478,31
SPATIAL_complete,supervised,303,temperature,within_test_permutation,0.36719624707775733,0.3293287456035614,0.30925701154239715,0.44358194266307704,0.023665174029257982,31
SPATIAL_complete,supervised,303,water_balance,within_test_permutation,0.48746952402976257,0.5363945364952087,0.41725908434679443,0.5612486500249754,0.03537928797998736,31
