contract,route,sample_id,delta_P_support
GROUP_complete,combined_kd,CY-Bench_wheat_AU|AU-111|2001,0.1705895771658027
GROUP_complete,combined_kd,CY-Bench_wheat_AU|AU-111|2002,0.2927515164988929
GROUP_complete,combined_kd,CY-Bench_wheat_AU|AU-111|2003,0.15127163733376278
GROUP_complete,combined_kd,CY-Bench_wheat_AU|AU-111|2004,0.1750829405668932
GROUP_complete,combined_kd,CY-Bench_wheat_AU|AU-111|2005,0.148017195228754
GROUP_complete,combined_kd,CY-Bench_wheat_AU|AU-111|2006,0.2346343875575263
GROUP_complete,combined_kd,CY-Bench_wheat_AU|AU-111|2007,0.19373270103762452
GROUP_complete,combined_kd,CY-Bench_wheat_AU|AU-111|2008,0.19279284763810503
GROUP_complete,combined_kd,CY-Bench_wheat_AU|AU-111|2009,0.2876678637768013
GROUP_complete,combined_kd,CY-Bench_wheat_AU|AU-111|2010,0.2274891530664222
GROUP_complete,combined_kd,CY-Bench_wheat_AU|AU-111|2011,0.1372226422112864
GROUP_complete,combined_kd,CY-Bench_wheat_AU|AU-111|2012,0.2249045110132537
GROUP_complete,combined_kd,CY-Bench_wheat_AU|AU-111|2013,0.2378812399805481
GROUP_complete,combined_kd,CY-Bench_wheat_AU|AU-111|2014,0.2312854149048622
GROUP_complete,combined_kd,CY-Bench_wheat_AU|AU-111|2015,0.13760672160180437
GROUP_complete,combined_kd,CY-Bench_wheat_AU|AU-111|2016,0.2105593842781116
GROUP_complete,combined_kd,CY-Bench_wheat_AU|AU-111|2017,0.1793658056773357
GROUP_complete,combined_kd,CY-Bench_wheat_AU|AU-111|2018,0.2278218338127546
GROUP_complete,combined_kd,CY-Bench_wheat_AU|AU-111|2019,0.1921484729341903
GROUP_complete,combined_kd,CY-Bench_wheat_AU|AU-111|2020,0.1309951334674966
GROUP_complete,combined_kd,CY-Bench_wheat_AU|AU-111|2021,0.1528401300951618
GROUP_complete,combined_kd,CY-Bench_wheat_AU|AU-111|2022,0.20430702320312022
GROUP_complete,combined_kd,CY-Bench_wheat_AU|AU-111|2023,0.13538025904786008
GROUP_complete,combined_kd,CY-Bench_wheat_AU|AU-123|2001,0.1257660137908545
GROUP_complete,combined_kd,CY-Bench_wheat_AU|AU-123|2002,0.1664060981381987
GROUP_complete,combined_kd,CY-Bench_wheat_AU|AU-123|2003,0.1784417786217023
GROUP_complete,combined_kd,CY-Bench_wheat_AU|AU-123|2004,0.1636213416951657
GROUP_complete,combined_kd,CY-Bench_wheat_AU|AU-123|2005,0.1909207702223649
GROUP_complete,combined_kd,CY-Bench_wheat_AU|AU-123|2006,0.1202829306447808
GROUP_complete,combined_kd,CY-Bench_wheat_AU|AU-123|2007,0.1503962448772675
GROUP_complete,combined_kd,CY-Bench_wheat_AU|AU-123|2008,0.1426502394809065
GROUP_complete,combined_kd,CY-Bench_wheat_AU|AU-123|2009,0.1840145663271097
GROUP_complete,combined_kd,CY-Bench_wheat_AU|AU-123|2010,0.12887900746958939
GROUP_complete,combined_kd,CY-Bench_wheat_AU|AU-123|2011,0.161619452401617
GROUP_complete,combined_kd,CY-Bench_wheat_AU|AU-123|2012,0.09228056350477058
GROUP_complete,combined_kd,CY-Bench_wheat_AU|AU-123|2013,0.12230263930037569
GROUP_complete,combined_kd,CY-Bench_wheat_AU|AU-123|2014,0.1168201855056895
GROUP_complete,combined_kd,CY-Bench_wheat_AU|AU-123|2015,0.165930698761979
GROUP_complete,combined_kd,CY-Bench_wheat_AU|AU-123|2016,0.1279677343566049
GROUP_complete,combined_kd,CY-Bench_wheat_AU|AU-123|2017,0.14192098134848902
GROUP_complete,combined_kd,CY-Bench_wheat_AU|AU-123|2018,0.1159170728313081
GROUP_complete,combined_kd,CY-Bench_wheat_AU|AU-123|2019,0.0912837438303989
GROUP_complete,combined_kd,CY-Bench_wheat_AU|AU-123|2020,0.16734874184213108
GROUP_complete,combined_kd,CY-Bench_wheat_AU|AU-123|2021,0.1607693184917519
GROUP_complete,combined_kd,CY-Bench_wheat_AU|AU-123|2022,0.09559566329235561
GROUP_complete,combined_kd,CY-Bench_wheat_AU|AU-123|2023,0.15313053474933708
GROUP_complete,combined_kd,CY-Bench_wheat_AU|AU-222|2001,0.16560660285046588
GROUP_complete,combined_kd,CY-Bench_wheat_AU|AU-222|2002,0.04311559213263341
GROUP_complete,combined_kd,CY-Bench_wheat_AU|AU-222|2003,0.10109949251601588
GROUP_complete,combined_kd,CY-Bench_wheat_AU|AU-222|2004,0.13800540054920774
GROUP_complete,combined_kd,CY-Bench_wheat_AU|AU-222|2005,0.0935982334661333
GROUP_complete,combined_kd,CY-Bench_wheat_AU|AU-222|2006,0.04679686511288281
GROUP_complete,combined_kd,CY-Bench_wheat_AU|AU-222|2007,0.035998933535545896
GROUP_complete,combined_kd,CY-Bench_wheat_AU|AU-222|2008,0.1271300411525391
GROUP_complete,combined_kd,CY-Bench_wheat_AU|AU-222|2009,0.0754959038194127
GROUP_complete,combined_kd,CY-Bench_wheat_AU|AU-222|2010,0.16202480927814297
GROUP_complete,combined_kd,CY-Bench_wheat_AU|AU-222|2011,0.09908142449383178
GROUP_complete,combined_kd,CY-Bench_wheat_AU|AU-222|2012,0.12997400511855828
GROUP_complete,combined_kd,CY-Bench_wheat_AU|AU-222|2013,0.12984737623719758
GROUP_complete,combined_kd,CY-Bench_wheat_AU|AU-222|2014,0.0058698911136868814
GROUP_complete,combined_kd,CY-Bench_wheat_AU|AU-222|2015,0.0626912793935743
GROUP_complete,combined_kd,CY-Bench_wheat_AU|AU-222|2016,0.07821351138758062
GROUP_complete,combined_kd,CY-Bench_wheat_AU|AU-222|2017,0.1023013921472615
GROUP_complete,combined_kd,CY-Bench_wheat_AU|AU-222|2018,0.10569778804324167
GROUP_complete,combined_kd,CY-Bench_wheat_AU|AU-222|2019,0.0788083548318407
GROUP_complete,combined_kd,CY-Bench_wheat_AU|AU-222|2020,0.12466805368607192
GROUP_complete,combined_kd,CY-Bench_wheat_AU|AU-222|2021,0.11444880896869863
GROUP_complete,combined_kd,CY-Bench_wheat_AU|AU-222|2022,0.0691714648474378
GROUP_complete,combined_kd,CY-Bench_wheat_AU|AU-222|2023,0.1081529598439874
GROUP_complete,combined_kd,CY-Bench_wheat_AU|AU-231|2001,0.173896686353016
GROUP_complete,combined_kd,CY-Bench_wheat_AU|AU-231|2002,0.1529260813666099
GROUP_complete,combined_kd,CY-Bench_wheat_AU|AU-231|2003,0.1195906573384258
GROUP_complete,combined_kd,CY-Bench_wheat_AU|AU-231|2004,0.10318231850275351
GROUP_complete,combined_kd,CY-Bench_wheat_AU|AU-231|2005,0.09563756529389389
GROUP_complete,combined_kd,CY-Bench_wheat_AU|AU-231|2006,0.05590326061672829
GROUP_complete,combined_kd,CY-Bench_wheat_AU|AU-231|2007,0.1271322879033934
GROUP_complete,combined_kd,CY-Bench_wheat_AU|AU-231|2008,0.13472021510051102
GROUP_complete,combined_kd,CY-Bench_wheat_AU|AU-231|2009,0.1612839858916518
GROUP_complete,combined_kd,CY-Bench_wheat_AU|AU-231|2010,0.1299226511618351
GROUP_complete,combined_kd,CY-Bench_wheat_AU|AU-231|2011,0.14335623154932542
GROUP_complete,combined_kd,CY-Bench_wheat_AU|AU-231|2012,0.14646418999913122
GROUP_complete,combined_kd,CY-Bench_wheat_AU|AU-231|2013,0.13473591683794428
GROUP_complete,combined_kd,CY-Bench_wheat_AU|AU-231|2014,0.11854525655186582
GROUP_complete,combined_kd,CY-Bench_wheat_AU|AU-231|2015,0.0820224011764927
GROUP_complete,combined_kd,CY-Bench_wheat_AU|AU-231|2016,0.13999160703266722
GROUP_complete,combined_kd,CY-Bench_wheat_AU|AU-231|2017,0.15287600609310198
GROUP_complete,combined_kd,CY-Bench_wheat_AU|AU-231|2018,0.1524291551733855
GROUP_complete,combined_kd,CY-Bench_wheat_AU|AU-231|2019,0.152948107347299
GROUP_complete,combined_kd,CY-Bench_wheat_AU|AU-231|2020,0.1326796266305905
GROUP_complete,combined_kd,CY-Bench_wheat_AU|AU-231|2021,0.1547278401557553
GROUP_complete,combined_kd,CY-Bench_wheat_AU|AU-231|2022,0.13384757168767059
GROUP_complete,combined_kd,CY-Bench_wheat_AU|AU-231|2023,0.12721122572242752
GROUP_complete,combined_kd,CY-Bench_wheat_AU|AU-312|2003,0.012239832130564593
GROUP_complete,combined_kd,CY-Bench_wheat_AU|AU-312|2009,0.00555934736866999
GROUP_complete,combined_kd,CY-Bench_wheat_AU|AU-322|2001,0.008719925424803807
GROUP_complete,combined_kd,CY-Bench_wheat_AU|AU-322|2002,0.041394682718802894
GROUP_complete,combined_kd,CY-Bench_wheat_AU|AU-322|2003,0.11096502207157832
GROUP_complete,combined_kd,CY-Bench_wheat_AU|AU-322|2004,0.013846936011569708
GROUP_complete,combined_kd,CY-Bench_wheat_AU|AU-322|2005,0.15581838981233126
GROUP_complete,combined_kd,CY-Bench_wheat_AU|AU-322|2006,0.09019836516915641
GROUP_complete,combined_kd,CY-Bench_wheat_AU|AU-322|2007,0.2004044263121629
GROUP_complete,combined_kd,CY-Bench_wheat_AU|AU-322|2008,0.1250499725842095
GROUP_complete,combined_kd,CY-Bench_wheat_AU|AU-322|2009,-0.0054177394054354955
GROUP_complete,combined_kd,CY-Bench_wheat_AU|AU-322|2010,0.04029864061169372
GROUP_complete,combined_kd,CY-Bench_wheat_AU|AU-322|2011,0.0620567697512851
GROUP_complete,combined_kd,CY-Bench_wheat_AU|AU-322|2012,0.018828957572275318
GROUP_complete,combined_kd,CY-Bench_wheat_AU|AU-322|2013,0.05719064646511529
GROUP_complete,combined_kd,CY-Bench_wheat_AU|AU-322|2014,0.08716997744433383
GROUP_complete,combined_kd,CY-Bench_wheat_AU|AU-322|2015,0.11277324626756147
GROUP_complete,combined_kd,CY-Bench_wheat_AU|AU-322|2016,0.1444763395896869
GROUP_complete,combined_kd,CY-Bench_wheat_AU|AU-322|2017,0.0828396764767102
GROUP_complete,combined_kd,CY-Bench_wheat_AU|AU-322|2018,0.08429307433947611
GROUP_complete,combined_kd,CY-Bench_wheat_AU|AU-322|2019,-0.08076447944788939
GROUP_complete,combined_kd,CY-Bench_wheat_AU|AU-322|2020,0.08529451464815282
GROUP_complete,combined_kd,CY-Bench_wheat_AU|AU-322|2021,0.08945102595873822
GROUP_complete,combined_kd,CY-Bench_wheat_AU|AU-322|2022,-0.0380496373760115
GROUP_complete,combined_kd,CY-Bench_wheat_AU|AU-322|2023,0.09736771944977199
GROUP_complete,combined_kd,CY-Bench_wheat_AU|AU-331|2001,0.12282615536275862
GROUP_complete,combined_kd,CY-Bench_wheat_AU|AU-331|2002,-0.06279546409169032
GROUP_complete,combined_kd,CY-Bench_wheat_AU|AU-331|2003,0.0783252730302342
GROUP_complete,combined_kd,CY-Bench_wheat_AU|AU-331|2004,0.1546891996634222
GROUP_complete,combined_kd,CY-Bench_wheat_AU|AU-331|2005,0.06793377319746166
GROUP_complete,combined_kd,CY-Bench_wheat_AU|AU-331|2006,0.049801943255687264
GROUP_complete,combined_kd,CY-Bench_wheat_AU|AU-331|2007,0.2068984926516595
GROUP_complete,combined_kd,CY-Bench_wheat_AU|AU-331|2008,0.2128059062335668
GROUP_complete,combined_kd,CY-Bench_wheat_AU|AU-331|2009,-0.1750780870704785
GROUP_complete,combined_kd,CY-Bench_wheat_AU|AU-331|2010,-0.033589329938335216
GROUP_complete,combined_kd,CY-Bench_wheat_AU|AU-331|2011,0.3539051656279183
GROUP_complete,combined_kd,CY-Bench_wheat_AU|AU-331|2012,0.26377939646261817
GROUP_complete,combined_kd,CY-Bench_wheat_AU|AU-331|2013,0.0065470924027209165
GROUP_complete,combined_kd,CY-Bench_wheat_AU|AU-331|2014,0.12140127193475472
GROUP_complete,combined_kd,CY-Bench_wheat_AU|AU-331|2015,0.053187658798689724
GROUP_complete,combined_kd,CY-Bench_wheat_AU|AU-331|2016,0.14629030619396388
GROUP_complete,combined_kd,CY-Bench_wheat_AU|AU-331|2017,0.09579456254339469
GROUP_complete,combined_kd,CY-Bench_wheat_AU|AU-331|2018,0.049951910513048176
GROUP_complete,combined_kd,CY-Bench_wheat_AU|AU-331|2019,-0.17524835718111348
GROUP_complete,combined_kd,CY-Bench_wheat_AU|AU-331|2020,-0.009205266031016901
GROUP_complete,combined_kd,CY-Bench_wheat_AU|AU-331|2021,0.06096248478051888
GROUP_complete,combined_kd,CY-Bench_wheat_AU|AU-331|2022,0.057893538140077694
GROUP_complete,combined_kd,CY-Bench_wheat_AU|AU-331|2023,0.0915145547279124
GROUP_complete,combined_kd,CY-Bench_wheat_AU|AU-332|2015,-0.10522779224616513
GROUP_complete,combined_kd,CY-Bench_wheat_AU|AU-411|2001,0.2241744819820876
GROUP_complete,combined_kd,CY-Bench_wheat_AU|AU-411|2002,0.2465884641253366
GROUP_complete,combined_kd,CY-Bench_wheat_AU|AU-411|2003,0.07406267117233717
GROUP_complete,combined_kd,CY-Bench_wheat_AU|AU-411|2004,0.1282319053530171
GROUP_complete,combined_kd,CY-Bench_wheat_AU|AU-411|2005,0.0666633809008585
GROUP_complete,combined_kd,CY-Bench_wheat_AU|AU-411|2006,0.20343517900836158
GROUP_complete,combined_kd,CY-Bench_wheat_AU|AU-411|2007,0.1699326800903811
GROUP_complete,combined_kd,CY-Bench_wheat_AU|AU-411|2008,0.0676497301967785
GROUP_complete,combined_kd,CY-Bench_wheat_AU|AU-411|2009,0.1856770021602543
GROUP_complete,combined_kd,CY-Bench_wheat_AU|AU-411|2010,0.1985591480781848
GROUP_complete,combined_kd,CY-Bench_wheat_AU|AU-411|2011,0.1267968995202024
GROUP_complete,combined_kd,CY-Bench_wheat_AU|AU-411|2012,0.2672247422152786
GROUP_complete,combined_kd,CY-Bench_wheat_AU|AU-411|2013,0.26501485126619884
GROUP_complete,combined_kd,CY-Bench_wheat_AU|AU-411|2014,0.18101693550139292
GROUP_complete,combined_kd,CY-Bench_wheat_AU|AU-411|2015,0.07524699711597183
GROUP_complete,combined_kd,CY-Bench_wheat_AU|AU-411|2016,0.1554128885456871
GROUP_complete,combined_kd,CY-Bench_wheat_AU|AU-411|2017,0.2538893879144287
GROUP_complete,combined_kd,CY-Bench_wheat_AU|AU-411|2018,0.16976046616293358
GROUP_complete,combined_kd,CY-Bench_wheat_AU|AU-411|2019,0.06451100118834752
GROUP_complete,combined_kd,CY-Bench_wheat_AU|AU-411|2020,0.11214207219809288
GROUP_complete,combined_kd,CY-Bench_wheat_AU|AU-411|2021,0.144190403188581
GROUP_complete,combined_kd,CY-Bench_wheat_AU|AU-411|2022,0.19288171133023974
GROUP_complete,combined_kd,CY-Bench_wheat_AU|AU-411|2023,0.28396522590203577
GROUP_complete,combined_kd,CY-Bench_wheat_AU|AU-421|2001,0.03479226532855549
GROUP_complete,combined_kd,CY-Bench_wheat_AU|AU-421|2002,-0.020175301605645388
GROUP_complete,combined_kd,CY-Bench_wheat_AU|AU-421|2003,0.029466617243445
GROUP_complete,combined_kd,CY-Bench_wheat_AU|AU-421|2004,-0.03189986909816668
GROUP_complete,combined_kd,CY-Bench_wheat_AU|AU-421|2005,0.06824545670903118
GROUP_complete,combined_kd,CY-Bench_wheat_AU|AU-421|2006,-0.3794282421332339
GROUP_complete,combined_kd,CY-Bench_wheat_AU|AU-421|2007,-0.2848085100174934
GROUP_complete,combined_kd,CY-Bench_wheat_AU|AU-421|2008,0.005208749350598188
GROUP_complete,combined_kd,CY-Bench_wheat_AU|AU-421|2009,0.021560666108975807
GROUP_complete,combined_kd,CY-Bench_wheat_AU|AU-421|2010,0.0588659349053446
GROUP_complete,combined_kd,CY-Bench_wheat_AU|AU-421|2011,0.05553837083832969
GROUP_complete,combined_kd,CY-Bench_wheat_AU|AU-421|2012,-0.061520946262657
GROUP_complete,combined_kd,CY-Bench_wheat_AU|AU-421|2013,-0.0074780747598575115
GROUP_complete,combined_kd,CY-Bench_wheat_AU|AU-421|2014,-0.2900537304576084
GROUP_complete,combined_kd,CY-Bench_wheat_AU|AU-421|2015,0.015673985012978786
GROUP_complete,combined_kd,CY-Bench_wheat_AU|AU-421|2016,0.03432072094809241
GROUP_complete,combined_kd,CY-Bench_wheat_AU|AU-421|2017,-0.042637675461273214
GROUP_complete,combined_kd,CY-Bench_wheat_AU|AU-421|2018,-0.014130378636141
GROUP_complete,combined_kd,CY-Bench_wheat_AU|AU-421|2019,-0.0737513654871641
GROUP_complete,combined_kd,CY-Bench_wheat_AU|AU-421|2020,-0.05698151006123789
GROUP_complete,combined_kd,CY-Bench_wheat_AU|AU-421|2021,0.0331502203101667
GROUP_complete,combined_kd,CY-Bench_wheat_AU|AU-421|2022,0.0417414541016073
GROUP_complete,combined_kd,CY-Bench_wheat_AU|AU-421|2023,0.0246759903205912
GROUP_complete,combined_kd,CY-Bench_wheat_AU|AU-422|2001,-0.11860837379336286
GROUP_complete,combined_kd,CY-Bench_wheat_AU|AU-422|2002,-0.060017040915532394
GROUP_complete,combined_kd,CY-Bench_wheat_AU|AU-422|2003,-0.12287161457036383
GROUP_complete,combined_kd,CY-Bench_wheat_AU|AU-422|2004,-0.1366565860015308
GROUP_complete,combined_kd,CY-Bench_wheat_AU|AU-422|2005,-0.1369949556265983
GROUP_complete,combined_kd,CY-Bench_wheat_AU|AU-422|2006,-0.016633543975836995
GROUP_complete,combined_kd,CY-Bench_wheat_AU|AU-422|2007,-0.08346722273167712
GROUP_complete,combined_kd,CY-Bench_wheat_AU|AU-422|2008,-0.05147190571158422
GROUP_complete,combined_kd,CY-Bench_wheat_AU|AU-422|2009,0.013084404641895586
GROUP_complete,combined_kd,CY-Bench_wheat_AU|AU-422|2010,-0.06228375336719799
GROUP_complete,combined_kd,CY-Bench_wheat_AU|AU-422|2011,-0.12806079408032328
GROUP_complete,combined_kd,CY-Bench_wheat_AU|AU-422|2012,-0.0639935018969155
GROUP_complete,combined_kd,CY-Bench_wheat_AU|AU-422|2013,-0.08387340030896157
GROUP_complete,combined_kd,CY-Bench_wheat_AU|AU-422|2014,-0.1048705364198102
GROUP_complete,combined_kd,CY-Bench_wheat_AU|AU-422|2015,-0.11925064609211333
GROUP_complete,combined_kd,CY-Bench_wheat_AU|AU-422|2016,-0.10465546948672189
GROUP_complete,combined_kd,CY-Bench_wheat_AU|AU-422|2017,-0.09235277057202812
GROUP_complete,combined_kd,CY-Bench_wheat_AU|AU-422|2018,-0.0746128805020485
GROUP_complete,combined_kd,CY-Bench_wheat_AU|AU-422|2019,-0.0757871632053686
GROUP_complete,combined_kd,CY-Bench_wheat_AU|AU-422|2020,-0.17025969675379443
GROUP_complete,combined_kd,CY-Bench_wheat_AU|AU-422|2021,-0.13834747746943465
GROUP_complete,combined_kd,CY-Bench_wheat_AU|AU-422|2022,0.041491446940143506
GROUP_complete,combined_kd,CY-Bench_wheat_AU|AU-422|2023,-0.03832736521968111
GROUP_complete,combined_kd,CY-Bench_wheat_AU|AU-431|2001,0.12932216973226632
GROUP_complete,combined_kd,CY-Bench_wheat_AU|AU-431|2002,0.02733271916430456
GROUP_complete,combined_kd,CY-Bench_wheat_AU|AU-431|2003,0.1335483843520513
GROUP_complete,combined_kd,CY-Bench_wheat_AU|AU-431|2004,0.09053047278648535
GROUP_complete,combined_kd,CY-Bench_wheat_AU|AU-431|2005,0.12803188097574686
GROUP_complete,combined_kd,CY-Bench_wheat_AU|AU-431|2006,-0.09313983053797506
GROUP_complete,combined_kd,CY-Bench_wheat_AU|AU-431|2007,-0.024216498484359313
GROUP_complete,combined_kd,CY-Bench_wheat_AU|AU-431|2008,0.115565347628422
GROUP_complete,combined_kd,CY-Bench_wheat_AU|AU-431|2009,0.05274899035622086
GROUP_complete,combined_kd,CY-Bench_wheat_AU|AU-431|2010,0.1152866350098738
GROUP_complete,combined_kd,CY-Bench_wheat_AU|AU-431|2011,0.07721431428563824
GROUP_complete,combined_kd,CY-Bench_wheat_AU|AU-431|2012,0.07349495693271882
GROUP_complete,combined_kd,CY-Bench_wheat_AU|AU-431|2013,0.06622833669924977
GROUP_complete,combined_kd,CY-Bench_wheat_AU|AU-431|2014,0.0016861643426334255
GROUP_complete,combined_kd,CY-Bench_wheat_AU|AU-431|2015,0.04211199589277807
GROUP_complete,combined_kd,CY-Bench_wheat_AU|AU-431|2016,0.14510692350136734
GROUP_complete,combined_kd,CY-Bench_wheat_AU|AU-431|2017,0.014210740845246227
GROUP_complete,combined_kd,CY-Bench_wheat_AU|AU-431|2018,0.06645867578232523
GROUP_complete,combined_kd,CY-Bench_wheat_AU|AU-431|2019,0.0813552188982072
GROUP_complete,combined_kd,CY-Bench_wheat_AU|AU-431|2020,0.08513493620719556
GROUP_complete,combined_kd,CY-Bench_wheat_AU|AU-431|2021,0.1189396093665949
GROUP_complete,combined_kd,CY-Bench_wheat_AU|AU-431|2022,0.1446748918026139
GROUP_complete,combined_kd,CY-Bench_wheat_AU|AU-431|2023,0.07660237109087506
GROUP_complete,combined_kd,CY-Bench_wheat_AU|AU-521|2001,0.019377956673234997
GROUP_complete,combined_kd,CY-Bench_wheat_AU|AU-521|2002,0.0460127924002876
GROUP_complete,combined_kd,CY-Bench_wheat_AU|AU-521|2003,0.0393513546623174
GROUP_complete,combined_kd,CY-Bench_wheat_AU|AU-521|2004,0.028130547438227904
GROUP_complete,combined_kd,CY-Bench_wheat_AU|AU-521|2005,0.0335490823038688
GROUP_complete,combined_kd,CY-Bench_wheat_AU|AU-521|2006,0.08844011176090771
GROUP_complete,combined_kd,CY-Bench_wheat_AU|AU-521|2007,0.0555371863681586
GROUP_complete,combined_kd,CY-Bench_wheat_AU|AU-521|2008,0.0232272677028144
GROUP_complete,combined_kd,CY-Bench_wheat_AU|AU-521|2009,0.04023699346481279
GROUP_complete,combined_kd,CY-Bench_wheat_AU|AU-521|2010,0.0305818478484315
GROUP_complete,combined_kd,CY-Bench_wheat_AU|AU-521|2011,0.031805940271444504
GROUP_complete,combined_kd,CY-Bench_wheat_AU|AU-521|2012,0.0466413625642631
GROUP_complete,combined_kd,CY-Bench_wheat_AU|AU-521|2013,0.056539170747315806
GROUP_complete,combined_kd,CY-Bench_wheat_AU|AU-521|2014,0.0651402971967633
GROUP_complete,combined_kd,CY-Bench_wheat_AU|AU-521|2015,0.03295516328336148
GROUP_complete,combined_kd,CY-Bench_wheat_AU|AU-521|2016,0.026744464691381593
GROUP_complete,combined_kd,CY-Bench_wheat_AU|AU-521|2017,0.0549684833821227
GROUP_complete,combined_kd,CY-Bench_wheat_AU|AU-521|2018,0.035578547983634495
GROUP_complete,combined_kd,CY-Bench_wheat_AU|AU-521|2019,-0.18740139038053752
GROUP_complete,combined_kd,CY-Bench_wheat_AU|AU-521|2020,0.0697208453668034
GROUP_complete,combined_kd,CY-Bench_wheat_AU|AU-521|2021,0.028679943422751396
GROUP_complete,combined_kd,CY-Bench_wheat_AU|AU-521|2022,0.005071000117895699
GROUP_complete,combined_kd,CY-Bench_wheat_AU|AU-521|2023,0.07383934005340542
GROUP_complete,combined_kd,CY-Bench_wheat_AU|AU-522|2001,0.13681552003551067
GROUP_complete,combined_kd,CY-Bench_wheat_AU|AU-522|2002,0.14585274853862362
GROUP_complete,combined_kd,CY-Bench_wheat_AU|AU-522|2003,0.06382680873269489
GROUP_complete,combined_kd,CY-Bench_wheat_AU|AU-522|2004,0.0781003940939457
GROUP_complete,combined_kd,CY-Bench_wheat_AU|AU-522|2005,0.20891712572482019
GROUP_complete,combined_kd,CY-Bench_wheat_AU|AU-522|2006,0.08403976285055564
GROUP_complete,combined_kd,CY-Bench_wheat_AU|AU-522|2007,0.1202504518275807
GROUP_complete,combined_kd,CY-Bench_wheat_AU|AU-522|2008,0.01487633028874591
GROUP_complete,combined_kd,CY-Bench_wheat_AU|AU-522|2009,0.08224587092582053
GROUP_complete,combined_kd,CY-Bench_wheat_AU|AU-522|2010,0.237655918220679
GROUP_complete,combined_kd,CY-Bench_wheat_AU|AU-522|2011,0.03617639271124359
GROUP_complete,combined_kd,CY-Bench_wheat_AU|AU-522|2012,0.09881233114232318
GROUP_complete,combined_kd,CY-Bench_wheat_AU|AU-522|2013,0.06007113225145161
GROUP_complete,combined_kd,CY-Bench_wheat_AU|AU-522|2014,0.14848671759233711
GROUP_complete,combined_kd,CY-Bench_wheat_AU|AU-522|2015,0.19744904722092987
GROUP_complete,combined_kd,CY-Bench_wheat_AU|AU-522|2016,0.1272584865078609
GROUP_complete,combined_kd,CY-Bench_wheat_AU|AU-522|2017,0.10781943517901321
GROUP_complete,combined_kd,CY-Bench_wheat_AU|AU-522|2018,0.005024778287942622
GROUP_complete,combined_kd,CY-Bench_wheat_AU|AU-522|2019,-0.19888895989928063
GROUP_complete,combined_kd,CY-Bench_wheat_AU|AU-522|2020,0.08048193509925583
GROUP_complete,combined_kd,CY-Bench_wheat_AU|AU-522|2021,0.12403254983179599
GROUP_complete,combined_kd,CY-Bench_wheat_AU|AU-522|2022,0.10509429954322361
GROUP_complete,combined_kd,CY-Bench_wheat_AU|AU-522|2023,-0.1144061043467291
GROUP_complete,missing_aware,CY-Bench_wheat_AU|AU-111|2001,0.29361190940448023
GROUP_complete,missing_aware,CY-Bench_wheat_AU|AU-111|2002,0.6326863793464734
GROUP_complete,missing_aware,CY-Bench_wheat_AU|AU-111|2003,0.24732634563110298
GROUP_complete,missing_aware,CY-Bench_wheat_AU|AU-111|2004,0.26100675131366
GROUP_complete,missing_aware,CY-Bench_wheat_AU|AU-111|2005,0.1668073908957024
GROUP_complete,missing_aware,CY-Bench_wheat_AU|AU-111|2006,0.3836106130756236
GROUP_complete,missing_aware,CY-Bench_wheat_AU|AU-111|2007,0.2909302579046233
GROUP_complete,missing_aware,CY-Bench_wheat_AU|AU-111|2008,0.29645458610944575
GROUP_complete,missing_aware,CY-Bench_wheat_AU|AU-111|2009,0.5044237287499358
GROUP_complete,missing_aware,CY-Bench_wheat_AU|AU-111|2010,0.08413838423827909
GROUP_complete,missing_aware,CY-Bench_wheat_AU|AU-111|2011,0.20477442502354012
GROUP_complete,missing_aware,CY-Bench_wheat_AU|AU-111|2012,0.46648348941066226
GROUP_complete,missing_aware,CY-Bench_wheat_AU|AU-111|2013,0.4292612425238958
GROUP_complete,missing_aware,CY-Bench_wheat_AU|AU-111|2014,0.4178391975096294
GROUP_complete,missing_aware,CY-Bench_wheat_AU|AU-111|2015,0.21705707216221537
GROUP_complete,missing_aware,CY-Bench_wheat_AU|AU-111|2016,0.1305239342558105
GROUP_complete,missing_aware,CY-Bench_wheat_AU|AU-111|2017,0.20950751365409379
GROUP_complete,missing_aware,CY-Bench_wheat_AU|AU-111|2018,0.3453962730067609
GROUP_complete,missing_aware,CY-Bench_wheat_AU|AU-111|2019,0.4864858425490802
GROUP_complete,missing_aware,CY-Bench_wheat_AU|AU-111|2020,0.13359889589087728
GROUP_complete,missing_aware,CY-Bench_wheat_AU|AU-111|2021,0.12965637702772217
GROUP_complete,missing_aware,CY-Bench_wheat_AU|AU-111|2022,0.09398702892604201
GROUP_complete,missing_aware,CY-Bench_wheat_AU|AU-111|2023,0.3668432841979892
GROUP_complete,missing_aware,CY-Bench_wheat_AU|AU-123|2001,0.093100725120157
GROUP_complete,missing_aware,CY-Bench_wheat_AU|AU-123|2002,0.15594881122101462
GROUP_complete,missing_aware,CY-Bench_wheat_AU|AU-123|2003,0.0961710959285519
GROUP_complete,missing_aware,CY-Bench_wheat_AU|AU-123|2004,0.1566823989555619
GROUP_complete,missing_aware,CY-Bench_wheat_AU|AU-123|2005,0.1053756694988747
GROUP_complete,missing_aware,CY-Bench_wheat_AU|AU-123|2006,0.20396008836558732
GROUP_complete,missing_aware,CY-Bench_wheat_AU|AU-123|2007,0.10568415118868871
GROUP_complete,missing_aware,CY-Bench_wheat_AU|AU-123|2008,0.09904532814979139
GROUP_complete,missing_aware,CY-Bench_wheat_AU|AU-123|2009,0.10262437008459441
GROUP_complete,missing_aware,CY-Bench_wheat_AU|AU-123|2010,0.0186963292325429
GROUP_complete,missing_aware,CY-Bench_wheat_AU|AU-123|2011,0.1333048019882013
GROUP_complete,missing_aware,CY-Bench_wheat_AU|AU-123|2012,0.04604455514727039
GROUP_complete,missing_aware,CY-Bench_wheat_AU|AU-123|2013,0.05700043464435289
GROUP_complete,missing_aware,CY-Bench_wheat_AU|AU-123|2014,0.09631271180891
GROUP_complete,missing_aware,CY-Bench_wheat_AU|AU-123|2015,0.16065381871389048
GROUP_complete,missing_aware,CY-Bench_wheat_AU|AU-123|2016,0.0784376832852486
GROUP_complete,missing_aware,CY-Bench_wheat_AU|AU-123|2017,0.1036377560527969
GROUP_complete,missing_aware,CY-Bench_wheat_AU|AU-123|2018,0.05310574885586651
GROUP_complete,missing_aware,CY-Bench_wheat_AU|AU-123|2019,0.028047819333591392
GROUP_complete,missing_aware,CY-Bench_wheat_AU|AU-123|2020,0.16861502048969218
GROUP_complete,missing_aware,CY-Bench_wheat_AU|AU-123|2021,0.1260772374851408
GROUP_complete,missing_aware,CY-Bench_wheat_AU|AU-123|2022,0.014858333805787903
GROUP_complete,missing_aware,CY-Bench_wheat_AU|AU-123|2023,0.1465069693677345
GROUP_complete,missing_aware,CY-Bench_wheat_AU|AU-222|2001,-0.07893024482201251
GROUP_complete,missing_aware,CY-Bench_wheat_AU|AU-222|2002,-0.0625574810586792
GROUP_complete,missing_aware,CY-Bench_wheat_AU|AU-222|2003,-0.1284220368540361
GROUP_complete,missing_aware,CY-Bench_wheat_AU|AU-222|2004,-0.05735630678266149
GROUP_complete,missing_aware,CY-Bench_wheat_AU|AU-222|2005,-0.0975721621100516
GROUP_complete,missing_aware,CY-Bench_wheat_AU|AU-222|2006,0.0820529928210268
GROUP_complete,missing_aware,CY-Bench_wheat_AU|AU-222|2007,-0.0781728889394733
GROUP_complete,missing_aware,CY-Bench_wheat_AU|AU-222|2008,-0.04644844056409349
GROUP_complete,missing_aware,CY-Bench_wheat_AU|AU-222|2009,-0.05552944155470079
GROUP_complete,missing_aware,CY-Bench_wheat_AU|AU-222|2010,-0.0691610801374032
GROUP_complete,missing_aware,CY-Bench_wheat_AU|AU-222|2011,-0.020330822921702005
GROUP_complete,missing_aware,CY-Bench_wheat_AU|AU-222|2012,-0.0467348468392562
GROUP_complete,missing_aware,CY-Bench_wheat_AU|AU-222|2013,-0.063984297918421
GROUP_complete,missing_aware,CY-Bench_wheat_AU|AU-222|2014,-0.03639593929659771
GROUP_complete,missing_aware,CY-Bench_wheat_AU|AU-222|2015,-0.0562550639172887
GROUP_complete,missing_aware,CY-Bench_wheat_AU|AU-222|2016,-0.11582367166777038
GROUP_complete,missing_aware,CY-Bench_wheat_AU|AU-222|2017,-0.03353014062627839
GROUP_complete,missing_aware,CY-Bench_wheat_AU|AU-222|2018,-0.0661984344239692
GROUP_complete,missing_aware,CY-Bench_wheat_AU|AU-222|2019,-0.11107539577618901
GROUP_complete,missing_aware,CY-Bench_wheat_AU|AU-222|2020,-0.031610890452835994
GROUP_complete,missing_aware,CY-Bench_wheat_AU|AU-222|2021,-0.10676209358458788
GROUP_complete,missing_aware,CY-Bench_wheat_AU|AU-222|2022,-0.045655610055263
GROUP_complete,missing_aware,CY-Bench_wheat_AU|AU-222|2023,-0.06459448913906221
GROUP_complete,missing_aware,CY-Bench_wheat_AU|AU-231|2001,0.00034766082610220017
GROUP_complete,missing_aware,CY-Bench_wheat_AU|AU-231|2002,0.09327471162970509
GROUP_complete,missing_aware,CY-Bench_wheat_AU|AU-231|2003,0.042789613357354594
GROUP_complete,missing_aware,CY-Bench_wheat_AU|AU-231|2004,0.0127845133998499
GROUP_complete,missing_aware,CY-Bench_wheat_AU|AU-231|2005,0.021737351462458893
GROUP_complete,missing_aware,CY-Bench_wheat_AU|AU-231|2006,0.055690108719677306
GROUP_complete,missing_aware,CY-Bench_wheat_AU|AU-231|2007,0.03130131471422229
GROUP_complete,missing_aware,CY-Bench_wheat_AU|AU-231|2008,0.06444050171487599
GROUP_complete,missing_aware,CY-Bench_wheat_AU|AU-231|2009,0.05603008873082249
GROUP_complete,missing_aware,CY-Bench_wheat_AU|AU-231|2010,0.021281572589252493
GROUP_complete,missing_aware,CY-Bench_wheat_AU|AU-231|2011,0.046753977261214996
GROUP_complete,missing_aware,CY-Bench_wheat_AU|AU-231|2012,0.0554836544356726
GROUP_complete,missing_aware,CY-Bench_wheat_AU|AU-231|2013,0.006786707778542206
GROUP_complete,missing_aware,CY-Bench_wheat_AU|AU-231|2014,0.0991253567365857
GROUP_complete,missing_aware,CY-Bench_wheat_AU|AU-231|2015,0.12249022952049252
GROUP_complete,missing_aware,CY-Bench_wheat_AU|AU-231|2016,0.029850064380157998
GROUP_complete,missing_aware,CY-Bench_wheat_AU|AU-231|2017,0.017218978824597594
GROUP_complete,missing_aware,CY-Bench_wheat_AU|AU-231|2018,0.05260171329116761
GROUP_complete,missing_aware,CY-Bench_wheat_AU|AU-231|2019,0.02237253123833391
GROUP_complete,missing_aware,CY-Bench_wheat_AU|AU-231|2020,0.006109650493660107
GROUP_complete,missing_aware,CY-Bench_wheat_AU|AU-231|2021,0.018634118987350692
GROUP_complete,missing_aware,CY-Bench_wheat_AU|AU-231|2022,0.0063089171391384966
GROUP_complete,missing_aware,CY-Bench_wheat_AU|AU-231|2023,0.0636606581522913
GROUP_complete,missing_aware,CY-Bench_wheat_AU|AU-312|2003,0.06619292022497851
GROUP_complete,missing_aware,CY-Bench_wheat_AU|AU-312|2009,0.04945392715907579
GROUP_complete,missing_aware,CY-Bench_wheat_AU|AU-322|2001,0.139492585481867
GROUP_complete,missing_aware,CY-Bench_wheat_AU|AU-322|2002,0.03272941367770629
GROUP_complete,missing_aware,CY-Bench_wheat_AU|AU-322|2003,0.0764894804310765
GROUP_complete,missing_aware,CY-Bench_wheat_AU|AU-322|2004,0.1189951713714076
GROUP_complete,missing_aware,CY-Bench_wheat_AU|AU-322|2005,0.13168551930028066
GROUP_complete,missing_aware,CY-Bench_wheat_AU|AU-322|2006,0.0884043739535122
GROUP_complete,missing_aware,CY-Bench_wheat_AU|AU-322|2007,0.1011079947460477
GROUP_complete,missing_aware,CY-Bench_wheat_AU|AU-322|2008,0.11380239864062519
GROUP_complete,missing_aware,CY-Bench_wheat_AU|AU-322|2009,0.04658534125830982
GROUP_complete,missing_aware,CY-Bench_wheat_AU|AU-322|2010,0.2009096122310136
GROUP_complete,missing_aware,CY-Bench_wheat_AU|AU-322|2011,0.11894200817118167
GROUP_complete,missing_aware,CY-Bench_wheat_AU|AU-322|2012,0.0809850601124521
GROUP_complete,missing_aware,CY-Bench_wheat_AU|AU-322|2013,0.041190317166117874
GROUP_complete,missing_aware,CY-Bench_wheat_AU|AU-322|2014,0.052027339631277675
GROUP_complete,missing_aware,CY-Bench_wheat_AU|AU-322|2015,0.10973345472024848
GROUP_complete,missing_aware,CY-Bench_wheat_AU|AU-322|2016,0.04371212614520159
GROUP_complete,missing_aware,CY-Bench_wheat_AU|AU-322|2017,0.1246595154404272
GROUP_complete,missing_aware,CY-Bench_wheat_AU|AU-322|2018,0.1126326183431107
GROUP_complete,missing_aware,CY-Bench_wheat_AU|AU-322|2019,0.012572428525383705
GROUP_complete,missing_aware,CY-Bench_wheat_AU|AU-322|2020,0.09988031222412821
GROUP_complete,missing_aware,CY-Bench_wheat_AU|AU-322|2021,0.10116120215122792
GROUP_complete,missing_aware,CY-Bench_wheat_AU|AU-322|2022,0.0947651298383003
GROUP_complete,missing_aware,CY-Bench_wheat_AU|AU-322|2023,0.1446189207972615
GROUP_complete,missing_aware,CY-Bench_wheat_AU|AU-331|2001,0.17199025301514162
GROUP_complete,missing_aware,CY-Bench_wheat_AU|AU-331|2002,0.021206685507743184
GROUP_complete,missing_aware,CY-Bench_wheat_AU|AU-331|2003,0.15158905818906357
GROUP_complete,missing_aware,CY-Bench_wheat_AU|AU-331|2004,0.1988293493110131
GROUP_complete,missing_aware,CY-Bench_wheat_AU|AU-331|2005,0.11261189919451878
GROUP_complete,missing_aware,CY-Bench_wheat_AU|AU-331|2006,0.13799080738365388
GROUP_complete,missing_aware,CY-Bench_wheat_AU|AU-331|2007,0.23123988989436423
GROUP_complete,missing_aware,CY-Bench_wheat_AU|AU-331|2008,0.1895789919902067
GROUP_complete,missing_aware,CY-Bench_wheat_AU|AU-331|2009,0.06576259527965611
GROUP_complete,missing_aware,CY-Bench_wheat_AU|AU-331|2010,0.15307872403180897
GROUP_complete,missing_aware,CY-Bench_wheat_AU|AU-331|2011,0.2746400774094535
GROUP_complete,missing_aware,CY-Bench_wheat_AU|AU-331|2012,0.2544941741916569
GROUP_complete,missing_aware,CY-Bench_wheat_AU|AU-331|2013,0.07504214665853531
GROUP_complete,missing_aware,CY-Bench_wheat_AU|AU-331|2014,0.17217965073536198
GROUP_complete,missing_aware,CY-Bench_wheat_AU|AU-331|2015,0.1449311071606312
GROUP_complete,missing_aware,CY-Bench_wheat_AU|AU-331|2016,0.17114574821554668
GROUP_complete,missing_aware,CY-Bench_wheat_AU|AU-331|2017,0.10340845714305402
GROUP_complete,missing_aware,CY-Bench_wheat_AU|AU-331|2018,0.1204118838482883
GROUP_complete,missing_aware,CY-Bench_wheat_AU|AU-331|2019,0.09445490178372179
GROUP_complete,missing_aware,CY-Bench_wheat_AU|AU-331|2020,0.03365440867948963
GROUP_complete,missing_aware,CY-Bench_wheat_AU|AU-331|2021,0.15468417659923128
GROUP_complete,missing_aware,CY-Bench_wheat_AU|AU-331|2022,0.3318342908068119
GROUP_complete,missing_aware,CY-Bench_wheat_AU|AU-331|2023,0.1143506208890567
GROUP_complete,missing_aware,CY-Bench_wheat_AU|AU-332|2015,-0.0656568580303114
GROUP_complete,missing_aware,CY-Bench_wheat_AU|AU-411|2001,-0.01173749651767711
GROUP_complete,missing_aware,CY-Bench_wheat_AU|AU-411|2002,0.09980110895130997
GROUP_complete,missing_aware,CY-Bench_wheat_AU|AU-411|2003,0.1030445107006206
GROUP_complete,missing_aware,CY-Bench_wheat_AU|AU-411|2004,0.10097544364418048
GROUP_complete,missing_aware,CY-Bench_wheat_AU|AU-411|2005,0.0260156465346289
GROUP_complete,missing_aware,CY-Bench_wheat_AU|AU-411|2006,0.04640721694318492
GROUP_complete,missing_aware,CY-Bench_wheat_AU|AU-411|2007,0.0274309737205089
GROUP_complete,missing_aware,CY-Bench_wheat_AU|AU-411|2008,0.09551055969581901
GROUP_complete,missing_aware,CY-Bench_wheat_AU|AU-411|2009,0.1501188799225298
GROUP_complete,missing_aware,CY-Bench_wheat_AU|AU-411|2010,0.027504238607605203
GROUP_complete,missing_aware,CY-Bench_wheat_AU|AU-411|2011,0.10365773870868689
GROUP_complete,missing_aware,CY-Bench_wheat_AU|AU-411|2012,0.10574515902997911
GROUP_complete,missing_aware,CY-Bench_wheat_AU|AU-411|2013,0.16432313979138932
GROUP_complete,missing_aware,CY-Bench_wheat_AU|AU-411|2014,0.00884269419972289
GROUP_complete,missing_aware,CY-Bench_wheat_AU|AU-411|2015,0.1826884815398344
GROUP_complete,missing_aware,CY-Bench_wheat_AU|AU-411|2016,0.040114278552092236
GROUP_complete,missing_aware,CY-Bench_wheat_AU|AU-411|2017,0.1581470102686459
GROUP_complete,missing_aware,CY-Bench_wheat_AU|AU-411|2018,0.1436452525549162
GROUP_complete,missing_aware,CY-Bench_wheat_AU|AU-411|2019,-0.1015487393748887
GROUP_complete,missing_aware,CY-Bench_wheat_AU|AU-411|2020,0.0828262431622244
GROUP_complete,missing_aware,CY-Bench_wheat_AU|AU-411|2021,0.07167196683169119
GROUP_complete,missing_aware,CY-Bench_wheat_AU|AU-411|2022,0.0372010572543347
GROUP_complete,missing_aware,CY-Bench_wheat_AU|AU-411|2023,0.2079582657673829
GROUP_complete,missing_aware,CY-Bench_wheat_AU|AU-421|2001,0.12080930246977051
GROUP_complete,missing_aware,CY-Bench_wheat_AU|AU-421|2002,0.13273198601813813
GROUP_complete,missing_aware,CY-Bench_wheat_AU|AU-421|2003,-0.008857815485474
GROUP_complete,missing_aware,CY-Bench_wheat_AU|AU-421|2004,-0.016466113660854292
GROUP_complete,missing_aware,CY-Bench_wheat_AU|AU-421|2005,0.004732243721132796
GROUP_complete,missing_aware,CY-Bench_wheat_AU|AU-421|2006,-0.1477505823207238
GROUP_complete,missing_aware,CY-Bench_wheat_AU|AU-421|2007,-0.08751535346820843
GROUP_complete,missing_aware,CY-Bench_wheat_AU|AU-421|2008,0.1254099349497164
GROUP_complete,missing_aware,CY-Bench_wheat_AU|AU-421|2009,0.020761041744528308
GROUP_complete,missing_aware,CY-Bench_wheat_AU|AU-421|2010,0.0715375352125603
GROUP_complete,missing_aware,CY-Bench_wheat_AU|AU-421|2011,0.009988378935434403
GROUP_complete,missing_aware,CY-Bench_wheat_AU|AU-421|2012,-0.026291553210135016
GROUP_complete,missing_aware,CY-Bench_wheat_AU|AU-421|2013,0.022188683327693692
GROUP_complete,missing_aware,CY-Bench_wheat_AU|AU-421|2014,-0.2231862542546711
GROUP_complete,missing_aware,CY-Bench_wheat_AU|AU-421|2015,0.07641545249981871
GROUP_complete,missing_aware,CY-Bench_wheat_AU|AU-421|2016,0.009871364055543605
GROUP_complete,missing_aware,CY-Bench_wheat_AU|AU-421|2017,-0.0791485098359735
GROUP_complete,missing_aware,CY-Bench_wheat_AU|AU-421|2018,0.013960804891193002
GROUP_complete,missing_aware,CY-Bench_wheat_AU|AU-421|2019,-0.1034318597400618
GROUP_complete,missing_aware,CY-Bench_wheat_AU|AU-421|2020,-0.0842616308986508
GROUP_complete,missing_aware,CY-Bench_wheat_AU|AU-421|2021,0.0462792528456469
GROUP_complete,missing_aware,CY-Bench_wheat_AU|AU-421|2022,0.1258602931768977
GROUP_complete,missing_aware,CY-Bench_wheat_AU|AU-421|2023,0.07691629736276981
GROUP_complete,missing_aware,CY-Bench_wheat_AU|AU-422|2001,-0.03734593546008036
GROUP_complete,missing_aware,CY-Bench_wheat_AU|AU-422|2002,0.03935217522395168
GROUP_complete,missing_aware,CY-Bench_wheat_AU|AU-422|2003,-0.07768296670896624
GROUP_complete,missing_aware,CY-Bench_wheat_AU|AU-422|2004,-0.0697747303667538
GROUP_complete,missing_aware,CY-Bench_wheat_AU|AU-422|2005,-0.04792125328146801
GROUP_complete,missing_aware,CY-Bench_wheat_AU|AU-422|2006,0.09887310017009027
GROUP_complete,missing_aware,CY-Bench_wheat_AU|AU-422|2007,0.03894519393288559
GROUP_complete,missing_aware,CY-Bench_wheat_AU|AU-422|2008,-0.002308568087128815
GROUP_complete,missing_aware,CY-Bench_wheat_AU|AU-422|2009,0.07349887802983612
GROUP_complete,missing_aware,CY-Bench_wheat_AU|AU-422|2010,-0.005110621846204699
GROUP_complete,missing_aware,CY-Bench_wheat_AU|AU-422|2011,0.000631823046799207
GROUP_complete,missing_aware,CY-Bench_wheat_AU|AU-422|2012,-0.004294114404066129
GROUP_complete,missing_aware,CY-Bench_wheat_AU|AU-422|2013,0.011691956952344096
GROUP_complete,missing_aware,CY-Bench_wheat_AU|AU-422|2014,0.011057887212808593
GROUP_complete,missing_aware,CY-Bench_wheat_AU|AU-422|2015,0.019798079969640392
GROUP_complete,missing_aware,CY-Bench_wheat_AU|AU-422|2016,-0.04094290846204307
GROUP_complete,missing_aware,CY-Bench_wheat_AU|AU-422|2017,0.0330842126589162
GROUP_complete,missing_aware,CY-Bench_wheat_AU|AU-422|2018,0.022527872388759695
GROUP_complete,missing_aware,CY-Bench_wheat_AU|AU-422|2019,0.025629438577879027
GROUP_complete,missing_aware,CY-Bench_wheat_AU|AU-422|2020,-0.025189031717060995
GROUP_complete,missing_aware,CY-Bench_wheat_AU|AU-422|2021,-0.0729395417400795
GROUP_complete,missing_aware,CY-Bench_wheat_AU|AU-422|2022,0.05604151286127729
GROUP_complete,missing_aware,CY-Bench_wheat_AU|AU-422|2023,0.06894553262246461
GROUP_complete,missing_aware,CY-Bench_wheat_AU|AU-431|2001,0.010138320713501757
GROUP_complete,missing_aware,CY-Bench_wheat_AU|AU-431|2002,-0.07021522172151415
GROUP_complete,missing_aware,CY-Bench_wheat_AU|AU-431|2003,0.08820721146097535
GROUP_complete,missing_aware,CY-Bench_wheat_AU|AU-431|2004,-0.018397160573439215
GROUP_complete,missing_aware,CY-Bench_wheat_AU|AU-431|2005,0.04386412284805674
GROUP_complete,missing_aware,CY-Bench_wheat_AU|AU-431|2006,-0.04452641690667372
GROUP_complete,missing_aware,CY-Bench_wheat_AU|AU-431|2007,0.006989844471695185
GROUP_complete,missing_aware,CY-Bench_wheat_AU|AU-431|2008,-0.020596452123678503
GROUP_complete,missing_aware,CY-Bench_wheat_AU|AU-431|2009,-0.03150488994105931
GROUP_complete,missing_aware,CY-Bench_wheat_AU|AU-431|2010,0.012099085963699192
GROUP_complete,missing_aware,CY-Bench_wheat_AU|AU-431|2011,-0.012678939718274898
GROUP_complete,missing_aware,CY-Bench_wheat_AU|AU-431|2012,-0.0005312432657807106
GROUP_complete,missing_aware,CY-Bench_wheat_AU|AU-431|2013,-0.0003377406152066456
GROUP_complete,missing_aware,CY-Bench_wheat_AU|AU-431|2014,-0.007374944790688259
GROUP_complete,missing_aware,CY-Bench_wheat_AU|AU-431|2015,-0.024252217692999976
GROUP_complete,missing_aware,CY-Bench_wheat_AU|AU-431|2016,0.09662723928011666
GROUP_complete,missing_aware,CY-Bench_wheat_AU|AU-431|2017,-0.07921612967561506
GROUP_complete,missing_aware,CY-Bench_wheat_AU|AU-431|2018,-0.054047181097415686
GROUP_complete,missing_aware,CY-Bench_wheat_AU|AU-431|2019,-0.019895977940930253
GROUP_complete,missing_aware,CY-Bench_wheat_AU|AU-431|2020,-0.07092647420540896
GROUP_complete,missing_aware,CY-Bench_wheat_AU|AU-431|2021,0.04559860594632424
GROUP_complete,missing_aware,CY-Bench_wheat_AU|AU-431|2022,0.07823475144626485
GROUP_complete,missing_aware,CY-Bench_wheat_AU|AU-431|2023,0.08127326936361776
GROUP_complete,missing_aware,CY-Bench_wheat_AU|AU-521|2001,0.012929712123764196
GROUP_complete,missing_aware,CY-Bench_wheat_AU|AU-521|2002,0.12227572191276331
GROUP_complete,missing_aware,CY-Bench_wheat_AU|AU-521|2003,0.045156572474352896
GROUP_complete,missing_aware,CY-Bench_wheat_AU|AU-521|2004,0.003907290066337006
GROUP_complete,missing_aware,CY-Bench_wheat_AU|AU-521|2005,0.0174468048939525
GROUP_complete,missing_aware,CY-Bench_wheat_AU|AU-521|2006,0.07298859624918069
GROUP_complete,missing_aware,CY-Bench_wheat_AU|AU-521|2007,0.0883575631053891
GROUP_complete,missing_aware,CY-Bench_wheat_AU|AU-521|2008,0.0195155648042641
GROUP_complete,missing_aware,CY-Bench_wheat_AU|AU-521|2009,0.04073809935098569
GROUP_complete,missing_aware,CY-Bench_wheat_AU|AU-521|2010,0.1062283449006916
GROUP_complete,missing_aware,CY-Bench_wheat_AU|AU-521|2011,0.017710553004315892
GROUP_complete,missing_aware,CY-Bench_wheat_AU|AU-521|2012,0.10197185428338121
GROUP_complete,missing_aware,CY-Bench_wheat_AU|AU-521|2013,0.0385747498638285
GROUP_complete,missing_aware,CY-Bench_wheat_AU|AU-521|2014,0.0565475561027938
GROUP_complete,missing_aware,CY-Bench_wheat_AU|AU-521|2015,0.03656460273783868
GROUP_complete,missing_aware,CY-Bench_wheat_AU|AU-521|2016,-0.0028420600634447013
GROUP_complete,missing_aware,CY-Bench_wheat_AU|AU-521|2017,0.0593684492376736
GROUP_complete,missing_aware,CY-Bench_wheat_AU|AU-521|2018,0.0375156382866947
GROUP_complete,missing_aware,CY-Bench_wheat_AU|AU-521|2019,0.028093163427884565
GROUP_complete,missing_aware,CY-Bench_wheat_AU|AU-521|2020,0.051029839077139795
GROUP_complete,missing_aware,CY-Bench_wheat_AU|AU-521|2021,0.030367577869450997
GROUP_complete,missing_aware,CY-Bench_wheat_AU|AU-521|2022,0.0344099421143794
GROUP_complete,missing_aware,CY-Bench_wheat_AU|AU-521|2023,-0.061825583675105406
GROUP_complete,missing_aware,CY-Bench_wheat_AU|AU-522|2001,0.2758549302290115
GROUP_complete,missing_aware,CY-Bench_wheat_AU|AU-522|2002,0.42996055733933003
GROUP_complete,missing_aware,CY-Bench_wheat_AU|AU-522|2003,0.2987461216820505
GROUP_complete,missing_aware,CY-Bench_wheat_AU|AU-522|2004,0.2680431239108989
GROUP_complete,missing_aware,CY-Bench_wheat_AU|AU-522|2005,0.2967679370048481
GROUP_complete,missing_aware,CY-Bench_wheat_AU|AU-522|2006,0.3429457040536675
GROUP_complete,missing_aware,CY-Bench_wheat_AU|AU-522|2007,0.47977370967818045
GROUP_complete,missing_aware,CY-Bench_wheat_AU|AU-522|2008,0.20842806915287224
GROUP_complete,missing_aware,CY-Bench_wheat_AU|AU-522|2009,0.2699380847383689
GROUP_complete,missing_aware,CY-Bench_wheat_AU|AU-522|2010,0.503381545771156
GROUP_complete,missing_aware,CY-Bench_wheat_AU|AU-522|2011,0.24033324699456077
GROUP_complete,missing_aware,CY-Bench_wheat_AU|AU-522|2012,0.4406965057110075
GROUP_complete,missing_aware,CY-Bench_wheat_AU|AU-522|2013,0.4349411386899826
GROUP_complete,missing_aware,CY-Bench_wheat_AU|AU-522|2014,0.4827809951069591
GROUP_complete,missing_aware,CY-Bench_wheat_AU|AU-522|2015,0.40879012418569555
GROUP_complete,missing_aware,CY-Bench_wheat_AU|AU-522|2016,0.23112841493082667
GROUP_complete,missing_aware,CY-Bench_wheat_AU|AU-522|2017,0.47663345218594383
GROUP_complete,missing_aware,CY-Bench_wheat_AU|AU-522|2018,0.2286949579580676
GROUP_complete,missing_aware,CY-Bench_wheat_AU|AU-522|2019,0.11331090225649276
GROUP_complete,missing_aware,CY-Bench_wheat_AU|AU-522|2020,0.40527506814713693
GROUP_complete,missing_aware,CY-Bench_wheat_AU|AU-522|2021,0.2681251971384824
GROUP_complete,missing_aware,CY-Bench_wheat_AU|AU-522|2022,0.2421728780654726
GROUP_complete,missing_aware,CY-Bench_wheat_AU|AU-522|2023,0.1768225859573841
GROUP_complete,prediction_kd,CY-Bench_wheat_AU|AU-111|2001,0.09280302480036412
GROUP_complete,prediction_kd,CY-Bench_wheat_AU|AU-111|2002,0.2698497832739266
GROUP_complete,prediction_kd,CY-Bench_wheat_AU|AU-111|2003,0.1057152657646391
GROUP_complete,prediction_kd,CY-Bench_wheat_AU|AU-111|2004,0.1237280257332945
GROUP_complete,prediction_kd,CY-Bench_wheat_AU|AU-111|2005,0.19029846293479652
GROUP_complete,prediction_kd,CY-Bench_wheat_AU|AU-111|2006,0.2308770664952975
GROUP_complete,prediction_kd,CY-Bench_wheat_AU|AU-111|2007,0.1583797605869705
GROUP_complete,prediction_kd,CY-Bench_wheat_AU|AU-111|2008,0.1433188920274455
GROUP_complete,prediction_kd,CY-Bench_wheat_AU|AU-111|2009,0.3153101439727231
GROUP_complete,prediction_kd,CY-Bench_wheat_AU|AU-111|2010,0.13322501985734597
GROUP_complete,prediction_kd,CY-Bench_wheat_AU|AU-111|2011,0.1415101347479081
GROUP_complete,prediction_kd,CY-Bench_wheat_AU|AU-111|2012,0.15336077566055628
GROUP_complete,prediction_kd,CY-Bench_wheat_AU|AU-111|2013,0.21571559125417467
GROUP_complete,prediction_kd,CY-Bench_wheat_AU|AU-111|2014,0.2490409623062002
GROUP_complete,prediction_kd,CY-Bench_wheat_AU|AU-111|2015,0.15605953776096138
GROUP_complete,prediction_kd,CY-Bench_wheat_AU|AU-111|2016,0.14323646677170088
GROUP_complete,prediction_kd,CY-Bench_wheat_AU|AU-111|2017,0.12629267717211182
GROUP_complete,prediction_kd,CY-Bench_wheat_AU|AU-111|2018,0.1653020549657445
GROUP_complete,prediction_kd,CY-Bench_wheat_AU|AU-111|2019,0.15951699554963739
GROUP_complete,prediction_kd,CY-Bench_wheat_AU|AU-111|2020,0.1305020965987467
GROUP_complete,prediction_kd,CY-Bench_wheat_AU|AU-111|2021,0.0874867250346073
GROUP_complete,prediction_kd,CY-Bench_wheat_AU|AU-111|2022,0.1290026515432185
GROUP_complete,prediction_kd,CY-Bench_wheat_AU|AU-111|2023,0.2127781835353759
GROUP_complete,prediction_kd,CY-Bench_wheat_AU|AU-123|2001,-0.0030900937488877976
GROUP_complete,prediction_kd,CY-Bench_wheat_AU|AU-123|2002,0.002290618577534001
GROUP_complete,prediction_kd,CY-Bench_wheat_AU|AU-123|2003,0.0212012040203369
GROUP_complete,prediction_kd,CY-Bench_wheat_AU|AU-123|2004,0.0112852124355806
GROUP_complete,prediction_kd,CY-Bench_wheat_AU|AU-123|2005,0.0244758357522296
GROUP_complete,prediction_kd,CY-Bench_wheat_AU|AU-123|2006,-0.026305445197537296
GROUP_complete,prediction_kd,CY-Bench_wheat_AU|AU-123|2007,-0.0378515279502093
GROUP_complete,prediction_kd,CY-Bench_wheat_AU|AU-123|2008,-0.005407240522792598
GROUP_complete,prediction_kd,CY-Bench_wheat_AU|AU-123|2009,-0.0291659122160521
GROUP_complete,prediction_kd,CY-Bench_wheat_AU|AU-123|2010,0.0049547900315468005
GROUP_complete,prediction_kd,CY-Bench_wheat_AU|AU-123|2011,0.0006340854982467992
GROUP_complete,prediction_kd,CY-Bench_wheat_AU|AU-123|2012,-0.04244278782429191
GROUP_complete,prediction_kd,CY-Bench_wheat_AU|AU-123|2013,-0.0329842066651119
GROUP_complete,prediction_kd,CY-Bench_wheat_AU|AU-123|2014,-0.0388110184474731
GROUP_complete,prediction_kd,CY-Bench_wheat_AU|AU-123|2015,-0.012080289116789503
GROUP_complete,prediction_kd,CY-Bench_wheat_AU|AU-123|2016,0.018609624507034905
GROUP_complete,prediction_kd,CY-Bench_wheat_AU|AU-123|2017,-0.008489382139241906
GROUP_complete,prediction_kd,CY-Bench_wheat_AU|AU-123|2018,-0.047185679471437994
GROUP_complete,prediction_kd,CY-Bench_wheat_AU|AU-123|2019,-0.053317960998736605
GROUP_complete,prediction_kd,CY-Bench_wheat_AU|AU-123|2020,0.004983362333140198
GROUP_complete,prediction_kd,CY-Bench_wheat_AU|AU-123|2021,0.005337415656123001
GROUP_complete,prediction_kd,CY-Bench_wheat_AU|AU-123|2022,-0.0079945936428035
GROUP_complete,prediction_kd,CY-Bench_wheat_AU|AU-123|2023,-0.013565903882060401
GROUP_complete,prediction_kd,CY-Bench_wheat_AU|AU-222|2001,0.08321322444275839
GROUP_complete,prediction_kd,CY-Bench_wheat_AU|AU-222|2002,0.06379990741334521
GROUP_complete,prediction_kd,CY-Bench_wheat_AU|AU-222|2003,0.09056007746005237
GROUP_complete,prediction_kd,CY-Bench_wheat_AU|AU-222|2004,0.0892615917428996
GROUP_complete,prediction_kd,CY-Bench_wheat_AU|AU-222|2005,0.0739848334351273
GROUP_complete,prediction_kd,CY-Bench_wheat_AU|AU-222|2006,0.1326371200299486
GROUP_complete,prediction_kd,CY-Bench_wheat_AU|AU-222|2007,0.16083934347773518
GROUP_complete,prediction_kd,CY-Bench_wheat_AU|AU-222|2008,0.11845331101034093
GROUP_complete,prediction_kd,CY-Bench_wheat_AU|AU-222|2009,0.1505460998042587
GROUP_complete,prediction_kd,CY-Bench_wheat_AU|AU-222|2010,0.0574094376990672
GROUP_complete,prediction_kd,CY-Bench_wheat_AU|AU-222|2011,0.08501857585705669
GROUP_complete,prediction_kd,CY-Bench_wheat_AU|AU-222|2012,0.14662720527083167
GROUP_complete,prediction_kd,CY-Bench_wheat_AU|AU-222|2013,0.0792103676632156
GROUP_complete,prediction_kd,CY-Bench_wheat_AU|AU-222|2014,0.12261275997899079
GROUP_complete,prediction_kd,CY-Bench_wheat_AU|AU-222|2015,0.0901454912927307
GROUP_complete,prediction_kd,CY-Bench_wheat_AU|AU-222|2016,0.059749767708523804
GROUP_complete,prediction_kd,CY-Bench_wheat_AU|AU-222|2017,0.1445666710154753
GROUP_complete,prediction_kd,CY-Bench_wheat_AU|AU-222|2018,0.12323183481142438
GROUP_complete,prediction_kd,CY-Bench_wheat_AU|AU-222|2019,0.09194938119482157
GROUP_complete,prediction_kd,CY-Bench_wheat_AU|AU-222|2020,0.11735935985392892
GROUP_complete,prediction_kd,CY-Bench_wheat_AU|AU-222|2021,0.08791400962118812
GROUP_complete,prediction_kd,CY-Bench_wheat_AU|AU-222|2022,0.06051152138161539
GROUP_complete,prediction_kd,CY-Bench_wheat_AU|AU-222|2023,0.1335881193370681
GROUP_complete,prediction_kd,CY-Bench_wheat_AU|AU-231|2001,-0.0044358627136972945
GROUP_complete,prediction_kd,CY-Bench_wheat_AU|AU-231|2002,0.04178892179758109
GROUP_complete,prediction_kd,CY-Bench_wheat_AU|AU-231|2003,0.026004383246129803
GROUP_complete,prediction_kd,CY-Bench_wheat_AU|AU-231|2004,-0.00041685546733639944
GROUP_complete,prediction_kd,CY-Bench_wheat_AU|AU-231|2005,-0.005294744950819996
GROUP_complete,prediction_kd,CY-Bench_wheat_AU|AU-231|2006,-0.008879700782465999
GROUP_complete,prediction_kd,CY-Bench_wheat_AU|AU-231|2007,-0.0024460626827284976
GROUP_complete,prediction_kd,CY-Bench_wheat_AU|AU-231|2008,0.0257822692976431
GROUP_complete,prediction_kd,CY-Bench_wheat_AU|AU-231|2009,0.0160827809470728
GROUP_complete,prediction_kd,CY-Bench_wheat_AU|AU-231|2010,0.019002004054972196
GROUP_complete,prediction_kd,CY-Bench_wheat_AU|AU-231|2011,0.012234725221816595
GROUP_complete,prediction_kd,CY-Bench_wheat_AU|AU-231|2012,0.0243867332131998
GROUP_complete,prediction_kd,CY-Bench_wheat_AU|AU-231|2013,-0.01281674050794479
GROUP_complete,prediction_kd,CY-Bench_wheat_AU|AU-231|2014,0.0129522410208254
GROUP_complete,prediction_kd,CY-Bench_wheat_AU|AU-231|2015,0.017914796650371795
GROUP_complete,prediction_kd,CY-Bench_wheat_AU|AU-231|2016,0.023727974757477496
GROUP_complete,prediction_kd,CY-Bench_wheat_AU|AU-231|2017,-0.003989913075703705
GROUP_complete,prediction_kd,CY-Bench_wheat_AU|AU-231|2018,0.010780230043774305
GROUP_complete,prediction_kd,CY-Bench_wheat_AU|AU-231|2019,0.005041276385240698
GROUP_complete,prediction_kd,CY-Bench_wheat_AU|AU-231|2020,-0.014651691518969195
GROUP_complete,prediction_kd,CY-Bench_wheat_AU|AU-231|2021,0.011362459939162295
GROUP_complete,prediction_kd,CY-Bench_wheat_AU|AU-231|2022,0.010151603303894592
GROUP_complete,prediction_kd,CY-Bench_wheat_AU|AU-231|2023,-0.00677703624829519
GROUP_complete,prediction_kd,CY-Bench_wheat_AU|AU-312|2003,0.056142288510908495
GROUP_complete,prediction_kd,CY-Bench_wheat_AU|AU-312|2009,0.02008632164251259
GROUP_complete,prediction_kd,CY-Bench_wheat_AU|AU-322|2001,-0.008634143136677694
GROUP_complete,prediction_kd,CY-Bench_wheat_AU|AU-322|2002,0.04359905684628387
GROUP_complete,prediction_kd,CY-Bench_wheat_AU|AU-322|2003,-0.026208326014326683
GROUP_complete,prediction_kd,CY-Bench_wheat_AU|AU-322|2004,-0.024419629484163
GROUP_complete,prediction_kd,CY-Bench_wheat_AU|AU-322|2005,0.004041312462165894
GROUP_complete,prediction_kd,CY-Bench_wheat_AU|AU-322|2006,-0.03202858471404951
GROUP_complete,prediction_kd,CY-Bench_wheat_AU|AU-322|2007,0.030608440197370607
GROUP_complete,prediction_kd,CY-Bench_wheat_AU|AU-322|2008,-0.0022728464697708978
GROUP_complete,prediction_kd,CY-Bench_wheat_AU|AU-322|2009,-0.04318499844079349
GROUP_complete,prediction_kd,CY-Bench_wheat_AU|AU-322|2010,0.2310391038230184
GROUP_complete,prediction_kd,CY-Bench_wheat_AU|AU-322|2011,0.007469730776891587
GROUP_complete,prediction_kd,CY-Bench_wheat_AU|AU-322|2012,-0.05516614677625348
GROUP_complete,prediction_kd,CY-Bench_wheat_AU|AU-322|2013,-0.010059500658367498
GROUP_complete,prediction_kd,CY-Bench_wheat_AU|AU-322|2014,-0.020288238209156095
GROUP_complete,prediction_kd,CY-Bench_wheat_AU|AU-322|2015,-0.04151281448032321
GROUP_complete,prediction_kd,CY-Bench_wheat_AU|AU-322|2016,-0.01130415169844931
GROUP_complete,prediction_kd,CY-Bench_wheat_AU|AU-322|2017,-0.028004391584501603
GROUP_complete,prediction_kd,CY-Bench_wheat_AU|AU-322|2018,-0.025113506268136493
GROUP_complete,prediction_kd,CY-Bench_wheat_AU|AU-322|2019,0.09717815313373601
GROUP_complete,prediction_kd,CY-Bench_wheat_AU|AU-322|2020,-0.03344478482869148
GROUP_complete,prediction_kd,CY-Bench_wheat_AU|AU-322|2021,0.02247139324572542
GROUP_complete,prediction_kd,CY-Bench_wheat_AU|AU-322|2022,0.08744407068898219
GROUP_complete,prediction_kd,CY-Bench_wheat_AU|AU-322|2023,-0.03645064917035609
GROUP_complete,prediction_kd,CY-Bench_wheat_AU|AU-331|2001,-0.04823487956848599
GROUP_complete,prediction_kd,CY-Bench_wheat_AU|AU-331|2002,-0.1323557824307597
GROUP_complete,prediction_kd,CY-Bench_wheat_AU|AU-331|2003,-0.10527991685054201
GROUP_complete,prediction_kd,CY-Bench_wheat_AU|AU-331|2004,-0.03599280906404431
GROUP_complete,prediction_kd,CY-Bench_wheat_AU|AU-331|2005,-0.08992572547539661
GROUP_complete,prediction_kd,CY-Bench_wheat_AU|AU-331|2006,-0.09042630741079181
GROUP_complete,prediction_kd,CY-Bench_wheat_AU|AU-331|2007,0.15014839340777042
GROUP_complete,prediction_kd,CY-Bench_wheat_AU|AU-331|2008,0.0896826009765333
GROUP_complete,prediction_kd,CY-Bench_wheat_AU|AU-331|2009,-0.1764676984734045
GROUP_complete,prediction_kd,CY-Bench_wheat_AU|AU-331|2010,0.15348109005828117
GROUP_complete,prediction_kd,CY-Bench_wheat_AU|AU-331|2011,0.10651281760384851
GROUP_complete,prediction_kd,CY-Bench_wheat_AU|AU-331|2012,-0.0267845625138486
GROUP_complete,prediction_kd,CY-Bench_wheat_AU|AU-331|2013,-0.1123723248745232
GROUP_complete,prediction_kd,CY-Bench_wheat_AU|AU-331|2014,-0.04926378538009661
GROUP_complete,prediction_kd,CY-Bench_wheat_AU|AU-331|2015,-0.0966523195870677
GROUP_complete,prediction_kd,CY-Bench_wheat_AU|AU-331|2016,0.1061277263144922
GROUP_complete,prediction_kd,CY-Bench_wheat_AU|AU-331|2017,-0.0654670668786588
GROUP_complete,prediction_kd,CY-Bench_wheat_AU|AU-331|2018,-0.06735835782859861
GROUP_complete,prediction_kd,CY-Bench_wheat_AU|AU-331|2019,-0.1452419229486951
GROUP_complete,prediction_kd,CY-Bench_wheat_AU|AU-331|2020,-0.1264340795710037
GROUP_complete,prediction_kd,CY-Bench_wheat_AU|AU-331|2021,0.1433376953083501
GROUP_complete,prediction_kd,CY-Bench_wheat_AU|AU-331|2022,0.24015669335686382
GROUP_complete,prediction_kd,CY-Bench_wheat_AU|AU-331|2023,-0.089497853643986
GROUP_complete,prediction_kd,CY-Bench_wheat_AU|AU-332|2015,-0.10388726540568194
GROUP_complete,prediction_kd,CY-Bench_wheat_AU|AU-411|2001,0.2336741119842067
GROUP_complete,prediction_kd,CY-Bench_wheat_AU|AU-411|2002,0.2179027325095141
GROUP_complete,prediction_kd,CY-Bench_wheat_AU|AU-411|2003,0.2615078999950497
GROUP_complete,prediction_kd,CY-Bench_wheat_AU|AU-411|2004,0.2579490920531232
GROUP_complete,prediction_kd,CY-Bench_wheat_AU|AU-411|2005,0.2705441869919662
GROUP_complete,prediction_kd,CY-Bench_wheat_AU|AU-411|2006,0.30796698545029666
GROUP_complete,prediction_kd,CY-Bench_wheat_AU|AU-411|2007,0.3547174652820569
GROUP_complete,prediction_kd,CY-Bench_wheat_AU|AU-411|2008,0.2943842034446663
GROUP_complete,prediction_kd,CY-Bench_wheat_AU|AU-411|2009,0.34371046356578194
GROUP_complete,prediction_kd,CY-Bench_wheat_AU|AU-411|2010,0.1954836033755164
GROUP_complete,prediction_kd,CY-Bench_wheat_AU|AU-411|2011,0.30853140380336574
GROUP_complete,prediction_kd,CY-Bench_wheat_AU|AU-411|2012,0.18203102250271497
GROUP_complete,prediction_kd,CY-Bench_wheat_AU|AU-411|2013,0.3892551901397794
GROUP_complete,prediction_kd,CY-Bench_wheat_AU|AU-411|2014,0.32600113106793616
GROUP_complete,prediction_kd,CY-Bench_wheat_AU|AU-411|2015,0.24320676699177463
GROUP_complete,prediction_kd,CY-Bench_wheat_AU|AU-411|2016,0.2360895659961493
GROUP_complete,prediction_kd,CY-Bench_wheat_AU|AU-411|2017,0.3175363626619744
GROUP_complete,prediction_kd,CY-Bench_wheat_AU|AU-411|2018,0.26565131934809727
GROUP_complete,prediction_kd,CY-Bench_wheat_AU|AU-411|2019,0.1750332983207153
GROUP_complete,prediction_kd,CY-Bench_wheat_AU|AU-411|2020,0.26207309176306093
GROUP_complete,prediction_kd,CY-Bench_wheat_AU|AU-411|2021,0.2612221043874037
GROUP_complete,prediction_kd,CY-Bench_wheat_AU|AU-411|2022,0.20634011847051031
GROUP_complete,prediction_kd,CY-Bench_wheat_AU|AU-411|2023,0.4029312954373695
GROUP_complete,prediction_kd,CY-Bench_wheat_AU|AU-421|2001,0.07860646986117399
GROUP_complete,prediction_kd,CY-Bench_wheat_AU|AU-421|2002,0.2493097624127245
GROUP_complete,prediction_kd,CY-Bench_wheat_AU|AU-421|2003,0.04468838519591341
GROUP_complete,prediction_kd,CY-Bench_wheat_AU|AU-421|2004,0.0675507702485503
GROUP_complete,prediction_kd,CY-Bench_wheat_AU|AU-421|2005,0.06897256050177508
GROUP_complete,prediction_kd,CY-Bench_wheat_AU|AU-421|2006,-0.1385004277445923
GROUP_complete,prediction_kd,CY-Bench_wheat_AU|AU-421|2007,-0.05028846096244982
GROUP_complete,prediction_kd,CY-Bench_wheat_AU|AU-421|2008,0.1934988481076604
GROUP_complete,prediction_kd,CY-Bench_wheat_AU|AU-421|2009,0.1033567069561585
GROUP_complete,prediction_kd,CY-Bench_wheat_AU|AU-421|2010,0.0911240441331108
GROUP_complete,prediction_kd,CY-Bench_wheat_AU|AU-421|2011,0.09348389775434729
GROUP_complete,prediction_kd,CY-Bench_wheat_AU|AU-421|2012,0.2334767294437184
GROUP_complete,prediction_kd,CY-Bench_wheat_AU|AU-421|2013,0.14107186757537368
GROUP_complete,prediction_kd,CY-Bench_wheat_AU|AU-421|2014,-0.011199525581822967
GROUP_complete,prediction_kd,CY-Bench_wheat_AU|AU-421|2015,0.1789107295736451
GROUP_complete,prediction_kd,CY-Bench_wheat_AU|AU-421|2016,0.1074670107178194
GROUP_complete,prediction_kd,CY-Bench_wheat_AU|AU-421|2017,0.047647700410706095
GROUP_complete,prediction_kd,CY-Bench_wheat_AU|AU-421|2018,0.05672042549372791
GROUP_complete,prediction_kd,CY-Bench_wheat_AU|AU-421|2019,0.14385005593911931
GROUP_complete,prediction_kd,CY-Bench_wheat_AU|AU-421|2020,0.018405764031454913
GROUP_complete,prediction_kd,CY-Bench_wheat_AU|AU-421|2021,0.028933671464591797
GROUP_complete,prediction_kd,CY-Bench_wheat_AU|AU-421|2022,0.0762371921653531
GROUP_complete,prediction_kd,CY-Bench_wheat_AU|AU-421|2023,0.2357557993320307
GROUP_complete,prediction_kd,CY-Bench_wheat_AU|AU-422|2001,-0.052988841825293065
GROUP_complete,prediction_kd,CY-Bench_wheat_AU|AU-422|2002,-0.007641932367347504
GROUP_complete,prediction_kd,CY-Bench_wheat_AU|AU-422|2003,-0.09743947396348013
GROUP_complete,prediction_kd,CY-Bench_wheat_AU|AU-422|2004,-0.12144916263521821
GROUP_complete,prediction_kd,CY-Bench_wheat_AU|AU-422|2005,-0.14000405273853922
GROUP_complete,prediction_kd,CY-Bench_wheat_AU|AU-422|2006,0.0987421352584042
GROUP_complete,prediction_kd,CY-Bench_wheat_AU|AU-422|2007,0.0781059130907607
GROUP_complete,prediction_kd,CY-Bench_wheat_AU|AU-422|2008,-0.07309577107962661
GROUP_complete,prediction_kd,CY-Bench_wheat_AU|AU-422|2009,0.0524799103172407
GROUP_complete,prediction_kd,CY-Bench_wheat_AU|AU-422|2010,-0.032722955373545526
GROUP_complete,prediction_kd,CY-Bench_wheat_AU|AU-422|2011,-0.09310087201378991
GROUP_complete,prediction_kd,CY-Bench_wheat_AU|AU-422|2012,-0.07610042164047032
GROUP_complete,prediction_kd,CY-Bench_wheat_AU|AU-422|2013,-0.06921364714502687
GROUP_complete,prediction_kd,CY-Bench_wheat_AU|AU-422|2014,0.0425994431767876
GROUP_complete,prediction_kd,CY-Bench_wheat_AU|AU-422|2015,-0.05354991633361972
GROUP_complete,prediction_kd,CY-Bench_wheat_AU|AU-422|2016,-0.10226973122853827
GROUP_complete,prediction_kd,CY-Bench_wheat_AU|AU-422|2017,-0.056952417762042296
GROUP_complete,prediction_kd,CY-Bench_wheat_AU|AU-422|2018,-0.0412258670426478
GROUP_complete,prediction_kd,CY-Bench_wheat_AU|AU-422|2019,-0.004626030464254471
GROUP_complete,prediction_kd,CY-Bench_wheat_AU|AU-422|2020,-0.14586523961515302
GROUP_complete,prediction_kd,CY-Bench_wheat_AU|AU-422|2021,-0.12410103417560775
GROUP_complete,prediction_kd,CY-Bench_wheat_AU|AU-422|2022,0.0308832985530203
GROUP_complete,prediction_kd,CY-Bench_wheat_AU|AU-422|2023,0.08249351068952021
GROUP_complete,prediction_kd,CY-Bench_wheat_AU|AU-431|2001,0.0472165329120907
GROUP_complete,prediction_kd,CY-Bench_wheat_AU|AU-431|2002,0.015776259983271035
GROUP_complete,prediction_kd,CY-Bench_wheat_AU|AU-431|2003,0.09560387348529166
GROUP_complete,prediction_kd,CY-Bench_wheat_AU|AU-431|2004,0.05943448961031423
GROUP_complete,prediction_kd,CY-Bench_wheat_AU|AU-431|2005,0.07364886427385055
GROUP_complete,prediction_kd,CY-Bench_wheat_AU|AU-431|2006,0.004662817067751332
GROUP_complete,prediction_kd,CY-Bench_wheat_AU|AU-431|2007,0.03467897772992015
GROUP_complete,prediction_kd,CY-Bench_wheat_AU|AU-431|2008,0.06486829787402736
GROUP_complete,prediction_kd,CY-Bench_wheat_AU|AU-431|2009,0.0602530729911713
GROUP_complete,prediction_kd,CY-Bench_wheat_AU|AU-431|2010,0.0803240035487875
GROUP_complete,prediction_kd,CY-Bench_wheat_AU|AU-431|2011,0.05261364763782719
GROUP_complete,prediction_kd,CY-Bench_wheat_AU|AU-431|2012,0.06003545396365179
GROUP_complete,prediction_kd,CY-Bench_wheat_AU|AU-431|2013,0.05424939176306485
GROUP_complete,prediction_kd,CY-Bench_wheat_AU|AU-431|2014,0.024920568502990348
GROUP_complete,prediction_kd,CY-Bench_wheat_AU|AU-431|2015,0.025109494501547355
GROUP_complete,prediction_kd,CY-Bench_wheat_AU|AU-431|2016,0.10894823464930331
GROUP_complete,prediction_kd,CY-Bench_wheat_AU|AU-431|2017,0.05317852038705697
GROUP_complete,prediction_kd,CY-Bench_wheat_AU|AU-431|2018,0.03140165914548892
GROUP_complete,prediction_kd,CY-Bench_wheat_AU|AU-431|2019,0.048601181648973035
GROUP_complete,prediction_kd,CY-Bench_wheat_AU|AU-431|2020,0.05435354653984725
GROUP_complete,prediction_kd,CY-Bench_wheat_AU|AU-431|2021,0.05988362788961649
GROUP_complete,prediction_kd,CY-Bench_wheat_AU|AU-431|2022,0.11047171467189935
GROUP_complete,prediction_kd,CY-Bench_wheat_AU|AU-431|2023,0.07160240069443406
GROUP_complete,prediction_kd,CY-Bench_wheat_AU|AU-521|2001,0.0587627059457889
GROUP_complete,prediction_kd,CY-Bench_wheat_AU|AU-521|2002,0.1458632344215738
GROUP_complete,prediction_kd,CY-Bench_wheat_AU|AU-521|2003,0.0448435744497583
GROUP_complete,prediction_kd,CY-Bench_wheat_AU|AU-521|2004,0.0864770125571468
GROUP_complete,prediction_kd,CY-Bench_wheat_AU|AU-521|2005,0.1208497663650018
GROUP_complete,prediction_kd,CY-Bench_wheat_AU|AU-521|2006,0.11714702777895361
GROUP_complete,prediction_kd,CY-Bench_wheat_AU|AU-521|2007,0.15298916292662418
GROUP_complete,prediction_kd,CY-Bench_wheat_AU|AU-521|2008,0.0685188379949624
GROUP_complete,prediction_kd,CY-Bench_wheat_AU|AU-521|2009,0.061911348491048394
GROUP_complete,prediction_kd,CY-Bench_wheat_AU|AU-521|2010,0.1560314408130496
GROUP_complete,prediction_kd,CY-Bench_wheat_AU|AU-521|2011,0.01828176306908629
GROUP_complete,prediction_kd,CY-Bench_wheat_AU|AU-521|2012,0.1321445062350668
GROUP_complete,prediction_kd,CY-Bench_wheat_AU|AU-521|2013,0.034273316925324204
GROUP_complete,prediction_kd,CY-Bench_wheat_AU|AU-521|2014,0.08505826091891601
GROUP_complete,prediction_kd,CY-Bench_wheat_AU|AU-521|2015,0.07801855237797539
GROUP_complete,prediction_kd,CY-Bench_wheat_AU|AU-521|2016,0.16188892015462392
GROUP_complete,prediction_kd,CY-Bench_wheat_AU|AU-521|2017,0.025094722942533003
GROUP_complete,prediction_kd,CY-Bench_wheat_AU|AU-521|2018,0.051736177560920596
GROUP_complete,prediction_kd,CY-Bench_wheat_AU|AU-521|2019,-0.002015431750033103
GROUP_complete,prediction_kd,CY-Bench_wheat_AU|AU-521|2020,0.11478113249301561
GROUP_complete,prediction_kd,CY-Bench_wheat_AU|AU-521|2021,0.07391732056486269
GROUP_complete,prediction_kd,CY-Bench_wheat_AU|AU-521|2022,0.0709244607435941
GROUP_complete,prediction_kd,CY-Bench_wheat_AU|AU-521|2023,-0.04311413579018389
GROUP_complete,prediction_kd,CY-Bench_wheat_AU|AU-522|2001,0.00046079540134980057
GROUP_complete,prediction_kd,CY-Bench_wheat_AU|AU-522|2002,0.1554343896079925
GROUP_complete,prediction_kd,CY-Bench_wheat_AU|AU-522|2003,0.045873968716081986
GROUP_complete,prediction_kd,CY-Bench_wheat_AU|AU-522|2004,0.05355720485488591
GROUP_complete,prediction_kd,CY-Bench_wheat_AU|AU-522|2005,0.051976039375852295
GROUP_complete,prediction_kd,CY-Bench_wheat_AU|AU-522|2006,0.23960333044223997
GROUP_complete,prediction_kd,CY-Bench_wheat_AU|AU-522|2007,0.2687337765744151
GROUP_complete,prediction_kd,CY-Bench_wheat_AU|AU-522|2008,0.05138928577256183
GROUP_complete,prediction_kd,CY-Bench_wheat_AU|AU-522|2009,0.021660968585906798
GROUP_complete,prediction_kd,CY-Bench_wheat_AU|AU-522|2010,0.16311986436218784
GROUP_complete,prediction_kd,CY-Bench_wheat_AU|AU-522|2011,0.08901888447080708
GROUP_complete,prediction_kd,CY-Bench_wheat_AU|AU-522|2012,0.195757769422232
GROUP_complete,prediction_kd,CY-Bench_wheat_AU|AU-522|2013,0.1681483532506421
GROUP_complete,prediction_kd,CY-Bench_wheat_AU|AU-522|2014,0.31212299913470226
GROUP_complete,prediction_kd,CY-Bench_wheat_AU|AU-522|2015,0.21790773566359906
GROUP_complete,prediction_kd,CY-Bench_wheat_AU|AU-522|2016,0.07719586715226909
GROUP_complete,prediction_kd,CY-Bench_wheat_AU|AU-522|2017,0.2114334503482706
GROUP_complete,prediction_kd,CY-Bench_wheat_AU|AU-522|2018,-0.00501692057823927
GROUP_complete,prediction_kd,CY-Bench_wheat_AU|AU-522|2019,0.0345750984435822
GROUP_complete,prediction_kd,CY-Bench_wheat_AU|AU-522|2020,0.23782643198347392
GROUP_complete,prediction_kd,CY-Bench_wheat_AU|AU-522|2021,0.11020898406103088
GROUP_complete,prediction_kd,CY-Bench_wheat_AU|AU-522|2022,0.0825507593579386
GROUP_complete,prediction_kd,CY-Bench_wheat_AU|AU-522|2023,0.1700940184711791
GROUP_complete,representation_kd,CY-Bench_wheat_AU|AU-111|2001,0.5784041890708503
GROUP_complete,representation_kd,CY-Bench_wheat_AU|AU-111|2002,0.6555809485089225
GROUP_complete,representation_kd,CY-Bench_wheat_AU|AU-111|2003,0.5680519250677528
GROUP_complete,representation_kd,CY-Bench_wheat_AU|AU-111|2004,0.570139617025645
GROUP_complete,representation_kd,CY-Bench_wheat_AU|AU-111|2005,0.5395773156448707
GROUP_complete,representation_kd,CY-Bench_wheat_AU|AU-111|2006,0.6985957289136693
GROUP_complete,representation_kd,CY-Bench_wheat_AU|AU-111|2007,0.578521229621451
GROUP_complete,representation_kd,CY-Bench_wheat_AU|AU-111|2008,0.5944450377507322
GROUP_complete,representation_kd,CY-Bench_wheat_AU|AU-111|2009,0.7015784336128691
GROUP_complete,representation_kd,CY-Bench_wheat_AU|AU-111|2010,0.312110120462944
GROUP_complete,representation_kd,CY-Bench_wheat_AU|AU-111|2011,0.491403592656915
GROUP_complete,representation_kd,CY-Bench_wheat_AU|AU-111|2012,0.6860082251212464
GROUP_complete,representation_kd,CY-Bench_wheat_AU|AU-111|2013,0.698045978349041
GROUP_complete,representation_kd,CY-Bench_wheat_AU|AU-111|2014,0.6548532986043198
GROUP_complete,representation_kd,CY-Bench_wheat_AU|AU-111|2015,0.5601085034482527
GROUP_complete,representation_kd,CY-Bench_wheat_AU|AU-111|2016,0.42503247715319414
GROUP_complete,representation_kd,CY-Bench_wheat_AU|AU-111|2017,0.5517438074228233
GROUP_complete,representation_kd,CY-Bench_wheat_AU|AU-111|2018,0.6671272564975499
GROUP_complete,representation_kd,CY-Bench_wheat_AU|AU-111|2019,0.6363927617735774
GROUP_complete,representation_kd,CY-Bench_wheat_AU|AU-111|2020,0.4617490634966098
GROUP_complete,representation_kd,CY-Bench_wheat_AU|AU-111|2021,0.4253202312259481
GROUP_complete,representation_kd,CY-Bench_wheat_AU|AU-111|2022,0.33157731508652233
GROUP_complete,representation_kd,CY-Bench_wheat_AU|AU-111|2023,0.5886645172381839
GROUP_complete,representation_kd,CY-Bench_wheat_AU|AU-123|2001,0.24275170095324503
GROUP_complete,representation_kd,CY-Bench_wheat_AU|AU-123|2002,0.3110616539085066
GROUP_complete,representation_kd,CY-Bench_wheat_AU|AU-123|2003,0.19887287078575028
GROUP_complete,representation_kd,CY-Bench_wheat_AU|AU-123|2004,0.2033719157301135
GROUP_complete,representation_kd,CY-Bench_wheat_AU|AU-123|2005,0.2289703602747927
GROUP_complete,representation_kd,CY-Bench_wheat_AU|AU-123|2006,0.3089193283340913
GROUP_complete,representation_kd,CY-Bench_wheat_AU|AU-123|2007,0.33335967391911386
GROUP_complete,representation_kd,CY-Bench_wheat_AU|AU-123|2008,0.2854249597826648
GROUP_complete,representation_kd,CY-Bench_wheat_AU|AU-123|2009,0.4118426521899311
GROUP_complete,representation_kd,CY-Bench_wheat_AU|AU-123|2010,0.12781040287947198
GROUP_complete,representation_kd,CY-Bench_wheat_AU|AU-123|2011,0.258355894386825
GROUP_complete,representation_kd,CY-Bench_wheat_AU|AU-123|2012,0.40659506051063987
GROUP_complete,representation_kd,CY-Bench_wheat_AU|AU-123|2013,0.37055058077283665
GROUP_complete,representation_kd,CY-Bench_wheat_AU|AU-123|2014,0.4206845692785614
GROUP_complete,representation_kd,CY-Bench_wheat_AU|AU-123|2015,0.2789784170378224
GROUP_complete,representation_kd,CY-Bench_wheat_AU|AU-123|2016,0.2141240440831961
GROUP_complete,representation_kd,CY-Bench_wheat_AU|AU-123|2017,0.24082131611092428
GROUP_complete,representation_kd,CY-Bench_wheat_AU|AU-123|2018,0.3685758186767153
GROUP_complete,representation_kd,CY-Bench_wheat_AU|AU-123|2019,0.30160727869921
GROUP_complete,representation_kd,CY-Bench_wheat_AU|AU-123|2020,0.2300663297278523
GROUP_complete,representation_kd,CY-Bench_wheat_AU|AU-123|2021,0.1995391628000932
GROUP_complete,representation_kd,CY-Bench_wheat_AU|AU-123|2022,0.0905408936324294
GROUP_complete,representation_kd,CY-Bench_wheat_AU|AU-123|2023,0.3750044871709124
GROUP_complete,representation_kd,CY-Bench_wheat_AU|AU-222|2001,-0.13410034954743622
GROUP_complete,representation_kd,CY-Bench_wheat_AU|AU-222|2002,-0.04367047430792001
GROUP_complete,representation_kd,CY-Bench_wheat_AU|AU-222|2003,-0.0911093241238563
GROUP_complete,representation_kd,CY-Bench_wheat_AU|AU-222|2004,-0.11003550802614288
GROUP_complete,representation_kd,CY-Bench_wheat_AU|AU-222|2005,-0.0757959978431297
GROUP_complete,representation_kd,CY-Bench_wheat_AU|AU-222|2006,0.13703768368861308
GROUP_complete,representation_kd,CY-Bench_wheat_AU|AU-222|2007,0.03070077680195299
GROUP_complete,representation_kd,CY-Bench_wheat_AU|AU-222|2008,-0.09446575652703279
GROUP_complete,representation_kd,CY-Bench_wheat_AU|AU-222|2009,-0.009655552528479591
GROUP_complete,representation_kd,CY-Bench_wheat_AU|AU-222|2010,-0.0977446215940745
GROUP_complete,representation_kd,CY-Bench_wheat_AU|AU-222|2011,-0.06392392566745592
GROUP_complete,representation_kd,CY-Bench_wheat_AU|AU-222|2012,-0.0658814898726784
GROUP_complete,representation_kd,CY-Bench_wheat_AU|AU-222|2013,-0.0867631494010466
GROUP_complete,representation_kd,CY-Bench_wheat_AU|AU-222|2014,0.045197710027817695
GROUP_complete,representation_kd,CY-Bench_wheat_AU|AU-222|2015,-0.02391351517007749
GROUP_complete,representation_kd,CY-Bench_wheat_AU|AU-222|2016,-0.10189535088905789
GROUP_complete,representation_kd,CY-Bench_wheat_AU|AU-222|2017,-0.0453955038555144
GROUP_complete,representation_kd,CY-Bench_wheat_AU|AU-222|2018,-0.0642389000741701
GROUP_complete,representation_kd,CY-Bench_wheat_AU|AU-222|2019,-0.07370884090309121
GROUP_complete,representation_kd,CY-Bench_wheat_AU|AU-222|2020,-0.08280175843151809
GROUP_complete,representation_kd,CY-Bench_wheat_AU|AU-222|2021,-0.09817935048309878
GROUP_complete,representation_kd,CY-Bench_wheat_AU|AU-222|2022,-0.0130570162210632
GROUP_complete,representation_kd,CY-Bench_wheat_AU|AU-222|2023,-0.0334493461203752
GROUP_complete,representation_kd,CY-Bench_wheat_AU|AU-231|2001,0.0744973481935152
GROUP_complete,representation_kd,CY-Bench_wheat_AU|AU-231|2002,0.2021429597543954
GROUP_complete,representation_kd,CY-Bench_wheat_AU|AU-231|2003,0.1453549408064988
GROUP_complete,representation_kd,CY-Bench_wheat_AU|AU-231|2004,0.091587070236978
GROUP_complete,representation_kd,CY-Bench_wheat_AU|AU-231|2005,0.10607835119964909
GROUP_complete,representation_kd,CY-Bench_wheat_AU|AU-231|2006,0.2125537245891755
GROUP_complete,representation_kd,CY-Bench_wheat_AU|AU-231|2007,0.1317120918346677
GROUP_complete,representation_kd,CY-Bench_wheat_AU|AU-231|2008,0.15126464169430143
GROUP_complete,representation_kd,CY-Bench_wheat_AU|AU-231|2009,0.1536728688769986
GROUP_complete,representation_kd,CY-Bench_wheat_AU|AU-231|2010,0.050111965126942604
GROUP_complete,representation_kd,CY-Bench_wheat_AU|AU-231|2011,0.11136564735973088
GROUP_complete,representation_kd,CY-Bench_wheat_AU|AU-231|2012,0.1101751225684878
GROUP_complete,representation_kd,CY-Bench_wheat_AU|AU-231|2013,0.09755191075295151
GROUP_complete,representation_kd,CY-Bench_wheat_AU|AU-231|2014,0.16980300763868872
GROUP_complete,representation_kd,CY-Bench_wheat_AU|AU-231|2015,0.21420644938376548
GROUP_complete,representation_kd,CY-Bench_wheat_AU|AU-231|2016,0.0693127839833915
GROUP_complete,representation_kd,CY-Bench_wheat_AU|AU-231|2017,0.1081587736529553
GROUP_complete,representation_kd,CY-Bench_wheat_AU|AU-231|2018,0.1509039135901066
GROUP_complete,representation_kd,CY-Bench_wheat_AU|AU-231|2019,0.11688041128935692
GROUP_complete,representation_kd,CY-Bench_wheat_AU|AU-231|2020,0.08524877998461619
GROUP_complete,representation_kd,CY-Bench_wheat_AU|AU-231|2021,0.08807030383910801
GROUP_complete,representation_kd,CY-Bench_wheat_AU|AU-231|2022,0.027966750623242297
GROUP_complete,representation_kd,CY-Bench_wheat_AU|AU-231|2023,0.136128911659075
GROUP_complete,representation_kd,CY-Bench_wheat_AU|AU-312|2003,0.012114191724839893
GROUP_complete,representation_kd,CY-Bench_wheat_AU|AU-312|2009,0.021006271719225797
GROUP_complete,representation_kd,CY-Bench_wheat_AU|AU-322|2001,0.04720750416789252
GROUP_complete,representation_kd,CY-Bench_wheat_AU|AU-322|2002,-0.009794376585868791
GROUP_complete,representation_kd,CY-Bench_wheat_AU|AU-322|2003,0.057977727872270596
GROUP_complete,representation_kd,CY-Bench_wheat_AU|AU-322|2004,0.0895877112725016
GROUP_complete,representation_kd,CY-Bench_wheat_AU|AU-322|2005,0.11839642362470211
GROUP_complete,representation_kd,CY-Bench_wheat_AU|AU-322|2006,0.0036081578616517784
GROUP_complete,representation_kd,CY-Bench_wheat_AU|AU-322|2007,0.06309206679943902
GROUP_complete,representation_kd,CY-Bench_wheat_AU|AU-322|2008,0.0556985742441371
GROUP_complete,representation_kd,CY-Bench_wheat_AU|AU-322|2009,-0.08315025299829906
GROUP_complete,representation_kd,CY-Bench_wheat_AU|AU-322|2010,0.16551940920312364
GROUP_complete,representation_kd,CY-Bench_wheat_AU|AU-322|2011,0.04514159824634659
GROUP_complete,representation_kd,CY-Bench_wheat_AU|AU-322|2012,-0.0017167442713164893
GROUP_complete,representation_kd,CY-Bench_wheat_AU|AU-322|2013,-0.008592711757767102
GROUP_complete,representation_kd,CY-Bench_wheat_AU|AU-322|2014,-0.015515621611401909
GROUP_complete,representation_kd,CY-Bench_wheat_AU|AU-322|2015,0.052699998810891185
GROUP_complete,representation_kd,CY-Bench_wheat_AU|AU-322|2016,0.04605065096903818
GROUP_complete,representation_kd,CY-Bench_wheat_AU|AU-322|2017,0.05910286091703171
GROUP_complete,representation_kd,CY-Bench_wheat_AU|AU-322|2018,0.020283052359962
GROUP_complete,representation_kd,CY-Bench_wheat_AU|AU-322|2019,-0.07106199644203098
GROUP_complete,representation_kd,CY-Bench_wheat_AU|AU-322|2020,0.008268572945474006
GROUP_complete,representation_kd,CY-Bench_wheat_AU|AU-322|2021,0.041865348715292516
GROUP_complete,representation_kd,CY-Bench_wheat_AU|AU-322|2022,0.0708557867849142
GROUP_complete,representation_kd,CY-Bench_wheat_AU|AU-322|2023,0.0266724310191421
GROUP_complete,representation_kd,CY-Bench_wheat_AU|AU-331|2001,0.09168673982038203
GROUP_complete,representation_kd,CY-Bench_wheat_AU|AU-331|2002,-0.0480534517437988
GROUP_complete,representation_kd,CY-Bench_wheat_AU|AU-331|2003,0.048505875532663084
GROUP_complete,representation_kd,CY-Bench_wheat_AU|AU-331|2004,0.09243552732690158
GROUP_complete,representation_kd,CY-Bench_wheat_AU|AU-331|2005,0.04991422358259548
GROUP_complete,representation_kd,CY-Bench_wheat_AU|AU-331|2006,0.03697882575191869
GROUP_complete,representation_kd,CY-Bench_wheat_AU|AU-331|2007,0.21095001414536363
GROUP_complete,representation_kd,CY-Bench_wheat_AU|AU-331|2008,0.1610388786178876
GROUP_complete,representation_kd,CY-Bench_wheat_AU|AU-331|2009,-0.0701452705331499
GROUP_complete,representation_kd,CY-Bench_wheat_AU|AU-331|2010,0.12887788808554548
GROUP_complete,representation_kd,CY-Bench_wheat_AU|AU-331|2011,0.2263309249324908
GROUP_complete,representation_kd,CY-Bench_wheat_AU|AU-331|2012,0.1483361177240615
GROUP_complete,representation_kd,CY-Bench_wheat_AU|AU-331|2013,0.014556255018622899
GROUP_complete,representation_kd,CY-Bench_wheat_AU|AU-331|2014,0.0710438334019968
GROUP_complete,representation_kd,CY-Bench_wheat_AU|AU-331|2015,0.04871582228648899
GROUP_complete,representation_kd,CY-Bench_wheat_AU|AU-331|2016,0.15260819178439317
GROUP_complete,representation_kd,CY-Bench_wheat_AU|AU-331|2017,0.06901632439232191
GROUP_complete,representation_kd,CY-Bench_wheat_AU|AU-331|2018,0.0324536318470956
GROUP_complete,representation_kd,CY-Bench_wheat_AU|AU-331|2019,-0.07089569771366197
GROUP_complete,representation_kd,CY-Bench_wheat_AU|AU-331|2020,-0.0338840791671077
GROUP_complete,representation_kd,CY-Bench_wheat_AU|AU-331|2021,0.12441929008188199
GROUP_complete,representation_kd,CY-Bench_wheat_AU|AU-331|2022,0.23067928427956438
GROUP_complete,representation_kd,CY-Bench_wheat_AU|AU-331|2023,0.05683573874244738
GROUP_complete,representation_kd,CY-Bench_wheat_AU|AU-332|2015,-0.026044277990279197
GROUP_complete,representation_kd,CY-Bench_wheat_AU|AU-411|2001,-0.12485668518403811
GROUP_complete,representation_kd,CY-Bench_wheat_AU|AU-411|2002,0.130838649532474
GROUP_complete,representation_kd,CY-Bench_wheat_AU|AU-411|2003,-0.09300193309101881
GROUP_complete,representation_kd,CY-Bench_wheat_AU|AU-411|2004,-0.11299150360671459
GROUP_complete,representation_kd,CY-Bench_wheat_AU|AU-411|2005,-0.05302181178272611
GROUP_complete,representation_kd,CY-Bench_wheat_AU|AU-411|2006,0.1271534584896137
GROUP_complete,representation_kd,CY-Bench_wheat_AU|AU-411|2007,0.1856992962479781
GROUP_complete,representation_kd,CY-Bench_wheat_AU|AU-411|2008,0.003182695712080408
GROUP_complete,representation_kd,CY-Bench_wheat_AU|AU-411|2009,0.13147770792287128
GROUP_complete,representation_kd,CY-Bench_wheat_AU|AU-411|2010,-0.11892964480179072
GROUP_complete,representation_kd,CY-Bench_wheat_AU|AU-411|2011,-0.0943900259401274
GROUP_complete,representation_kd,CY-Bench_wheat_AU|AU-411|2012,0.155928309798759
GROUP_complete,representation_kd,CY-Bench_wheat_AU|AU-411|2013,0.000996176309574992
GROUP_complete,representation_kd,CY-Bench_wheat_AU|AU-411|2014,0.1807797125221396
GROUP_complete,representation_kd,CY-Bench_wheat_AU|AU-411|2015,-0.040168578746098
GROUP_complete,representation_kd,CY-Bench_wheat_AU|AU-411|2016,-0.10194227927842879
GROUP_complete,representation_kd,CY-Bench_wheat_AU|AU-411|2017,-0.0265075190376744
GROUP_complete,representation_kd,CY-Bench_wheat_AU|AU-411|2018,-0.018007529424874408
GROUP_complete,representation_kd,CY-Bench_wheat_AU|AU-411|2019,0.1189754145007898
GROUP_complete,representation_kd,CY-Bench_wheat_AU|AU-411|2020,-0.04547088127650328
GROUP_complete,representation_kd,CY-Bench_wheat_AU|AU-411|2021,-0.09406980116394201
GROUP_complete,representation_kd,CY-Bench_wheat_AU|AU-411|2022,-0.1253865003799109
GROUP_complete,representation_kd,CY-Bench_wheat_AU|AU-411|2023,0.09480801216582649
GROUP_complete,representation_kd,CY-Bench_wheat_AU|AU-421|2001,0.10682116275982279
GROUP_complete,representation_kd,CY-Bench_wheat_AU|AU-421|2002,0.036317609869230216
GROUP_complete,representation_kd,CY-Bench_wheat_AU|AU-421|2003,0.07426600274550471
GROUP_complete,representation_kd,CY-Bench_wheat_AU|AU-421|2004,-0.017060879475298288
GROUP_complete,representation_kd,CY-Bench_wheat_AU|AU-421|2005,0.11923924957816029
GROUP_complete,representation_kd,CY-Bench_wheat_AU|AU-421|2006,0.02286380032810925
GROUP_complete,representation_kd,CY-Bench_wheat_AU|AU-421|2007,0.033347236119814716
GROUP_complete,representation_kd,CY-Bench_wheat_AU|AU-421|2008,0.03239915259379239
GROUP_complete,representation_kd,CY-Bench_wheat_AU|AU-421|2009,0.018757497356291397
GROUP_complete,representation_kd,CY-Bench_wheat_AU|AU-421|2010,0.092726587238532
GROUP_complete,representation_kd,CY-Bench_wheat_AU|AU-421|2011,0.053240290807217094
GROUP_complete,representation_kd,CY-Bench_wheat_AU|AU-421|2012,-0.024222204538342618
GROUP_complete,representation_kd,CY-Bench_wheat_AU|AU-421|2013,-0.009287242550886116
GROUP_complete,representation_kd,CY-Bench_wheat_AU|AU-421|2014,-0.09358488651824859
GROUP_complete,representation_kd,CY-Bench_wheat_AU|AU-421|2015,0.016814010594845497
GROUP_complete,representation_kd,CY-Bench_wheat_AU|AU-421|2016,0.03524492388577391
GROUP_complete,representation_kd,CY-Bench_wheat_AU|AU-421|2017,0.005318973407670902
GROUP_complete,representation_kd,CY-Bench_wheat_AU|AU-421|2018,-0.0076144571558458
GROUP_complete,representation_kd,CY-Bench_wheat_AU|AU-421|2019,-0.062714948070656
GROUP_complete,representation_kd,CY-Bench_wheat_AU|AU-421|2020,-0.0437703165369176
GROUP_complete,representation_kd,CY-Bench_wheat_AU|AU-421|2021,0.0948806230718014
GROUP_complete,representation_kd,CY-Bench_wheat_AU|AU-421|2022,0.1078227579249582
GROUP_complete,representation_kd,CY-Bench_wheat_AU|AU-421|2023,0.007988169792767813
GROUP_complete,representation_kd,CY-Bench_wheat_AU|AU-422|2001,0.028798754579060504
GROUP_complete,representation_kd,CY-Bench_wheat_AU|AU-422|2002,-0.030710467533320296
GROUP_complete,representation_kd,CY-Bench_wheat_AU|AU-422|2003,-0.040129027076762025
GROUP_complete,representation_kd,CY-Bench_wheat_AU|AU-422|2004,-0.04147931298940588
GROUP_complete,representation_kd,CY-Bench_wheat_AU|AU-422|2005,-0.026077867467298788
GROUP_complete,representation_kd,CY-Bench_wheat_AU|AU-422|2006,0.02345811461725511
GROUP_complete,representation_kd,CY-Bench_wheat_AU|AU-422|2007,0.0034421701834614904
GROUP_complete,representation_kd,CY-Bench_wheat_AU|AU-422|2008,0.006511641804304691
GROUP_complete,representation_kd,CY-Bench_wheat_AU|AU-422|2009,0.18061709545956828
GROUP_complete,representation_kd,CY-Bench_wheat_AU|AU-422|2010,0.04101332066998398
GROUP_complete,representation_kd,CY-Bench_wheat_AU|AU-422|2011,0.000797452721795322
GROUP_complete,representation_kd,CY-Bench_wheat_AU|AU-422|2012,0.009513137420756768
GROUP_complete,representation_kd,CY-Bench_wheat_AU|AU-422|2013,0.05285152184434283
GROUP_complete,representation_kd,CY-Bench_wheat_AU|AU-422|2014,0.004411729702862299
GROUP_complete,representation_kd,CY-Bench_wheat_AU|AU-422|2015,0.02545302859190346
GROUP_complete,representation_kd,CY-Bench_wheat_AU|AU-422|2016,-0.0027548148010080875
GROUP_complete,representation_kd,CY-Bench_wheat_AU|AU-422|2017,0.027547741335505305
GROUP_complete,representation_kd,CY-Bench_wheat_AU|AU-422|2018,0.008969213214684801
GROUP_complete,representation_kd,CY-Bench_wheat_AU|AU-422|2019,0.006584221389956624
GROUP_complete,representation_kd,CY-Bench_wheat_AU|AU-422|2020,-0.03923372555126503
GROUP_complete,representation_kd,CY-Bench_wheat_AU|AU-422|2021,-0.029879393331481097
GROUP_complete,representation_kd,CY-Bench_wheat_AU|AU-422|2022,0.07646674796405828
GROUP_complete,representation_kd,CY-Bench_wheat_AU|AU-422|2023,0.03496327242399033
GROUP_complete,representation_kd,CY-Bench_wheat_AU|AU-431|2001,0.09888745072876856
GROUP_complete,representation_kd,CY-Bench_wheat_AU|AU-431|2002,0.0593870342232098
GROUP_complete,representation_kd,CY-Bench_wheat_AU|AU-431|2003,0.1612158584203376
GROUP_complete,representation_kd,CY-Bench_wheat_AU|AU-431|2004,0.05981854398022134
GROUP_complete,representation_kd,CY-Bench_wheat_AU|AU-431|2005,0.1443348563597833
GROUP_complete,representation_kd,CY-Bench_wheat_AU|AU-431|2006,0.05999963276973751
GROUP_complete,representation_kd,CY-Bench_wheat_AU|AU-431|2007,0.10741768642586401
GROUP_complete,representation_kd,CY-Bench_wheat_AU|AU-431|2008,0.07330879252808312
GROUP_complete,representation_kd,CY-Bench_wheat_AU|AU-431|2009,0.02793798465740189
GROUP_complete,representation_kd,CY-Bench_wheat_AU|AU-431|2010,0.1017348963508914
GROUP_complete,representation_kd,CY-Bench_wheat_AU|AU-431|2011,0.10875525565393096
GROUP_complete,representation_kd,CY-Bench_wheat_AU|AU-431|2012,0.12524587263263232
GROUP_complete,representation_kd,CY-Bench_wheat_AU|AU-431|2013,0.0726767886536347
GROUP_complete,representation_kd,CY-Bench_wheat_AU|AU-431|2014,0.11131535124956199
GROUP_complete,representation_kd,CY-Bench_wheat_AU|AU-431|2015,0.06483824212188576
GROUP_complete,representation_kd,CY-Bench_wheat_AU|AU-431|2016,0.1792919756395227
GROUP_complete,representation_kd,CY-Bench_wheat_AU|AU-431|2017,0.013656121917238744
GROUP_complete,representation_kd,CY-Bench_wheat_AU|AU-431|2018,0.053065803095513016
GROUP_complete,representation_kd,CY-Bench_wheat_AU|AU-431|2019,0.10522011939344691
GROUP_complete,representation_kd,CY-Bench_wheat_AU|AU-431|2020,0.046689670853650805
GROUP_complete,representation_kd,CY-Bench_wheat_AU|AU-431|2021,0.1234868799763747
GROUP_complete,representation_kd,CY-Bench_wheat_AU|AU-431|2022,0.1826842732321061
GROUP_complete,representation_kd,CY-Bench_wheat_AU|AU-431|2023,0.17612595184782948
GROUP_complete,representation_kd,CY-Bench_wheat_AU|AU-521|2001,0.003446491257031996
GROUP_complete,representation_kd,CY-Bench_wheat_AU|AU-521|2002,-0.008783629772078999
GROUP_complete,representation_kd,CY-Bench_wheat_AU|AU-521|2003,0.0699272980860394
GROUP_complete,representation_kd,CY-Bench_wheat_AU|AU-521|2004,0.011935248876215006
GROUP_complete,representation_kd,CY-Bench_wheat_AU|AU-521|2005,0.0164127949015005
GROUP_complete,representation_kd,CY-Bench_wheat_AU|AU-521|2006,0.009182762457848895
GROUP_complete,representation_kd,CY-Bench_wheat_AU|AU-521|2007,-0.0031128940811903025
GROUP_complete,representation_kd,CY-Bench_wheat_AU|AU-521|2008,0.0418448351195421
GROUP_complete,representation_kd,CY-Bench_wheat_AU|AU-521|2009,0.0677887347689834
GROUP_complete,representation_kd,CY-Bench_wheat_AU|AU-521|2010,0.0017381936976487017
GROUP_complete,representation_kd,CY-Bench_wheat_AU|AU-521|2011,0.08720136308757612
GROUP_complete,representation_kd,CY-Bench_wheat_AU|AU-521|2012,0.004742317613427305
GROUP_complete,representation_kd,CY-Bench_wheat_AU|AU-521|2013,0.08346066853310029
GROUP_complete,representation_kd,CY-Bench_wheat_AU|AU-521|2014,0.0493706716392925
GROUP_complete,representation_kd,CY-Bench_wheat_AU|AU-521|2015,0.0110666916538332
GROUP_complete,representation_kd,CY-Bench_wheat_AU|AU-521|2016,-0.0146927800814214
GROUP_complete,representation_kd,CY-Bench_wheat_AU|AU-521|2017,0.07390029382164029
GROUP_complete,representation_kd,CY-Bench_wheat_AU|AU-521|2018,0.0773061588111928
GROUP_complete,representation_kd,CY-Bench_wheat_AU|AU-521|2019,0.011510764717188093
GROUP_complete,representation_kd,CY-Bench_wheat_AU|AU-521|2020,0.08472926515061191
GROUP_complete,representation_kd,CY-Bench_wheat_AU|AU-521|2021,0.0542644755825637
GROUP_complete,representation_kd,CY-Bench_wheat_AU|AU-521|2022,0.028589935494289696
GROUP_complete,representation_kd,CY-Bench_wheat_AU|AU-521|2023,-0.022080242197951988
GROUP_complete,representation_kd,CY-Bench_wheat_AU|AU-522|2001,0.015040839682940899
GROUP_complete,representation_kd,CY-Bench_wheat_AU|AU-522|2002,0.1085109115277812
GROUP_complete,representation_kd,CY-Bench_wheat_AU|AU-522|2003,0.03197259907074232
GROUP_complete,representation_kd,CY-Bench_wheat_AU|AU-522|2004,0.020915644175947712
GROUP_complete,representation_kd,CY-Bench_wheat_AU|AU-522|2005,-0.031531885874213184
GROUP_complete,representation_kd,CY-Bench_wheat_AU|AU-522|2006,0.08232331245962327
GROUP_complete,representation_kd,CY-Bench_wheat_AU|AU-522|2007,0.19662449238133684
GROUP_complete,representation_kd,CY-Bench_wheat_AU|AU-522|2008,-0.037936969537829573
GROUP_complete,representation_kd,CY-Bench_wheat_AU|AU-522|2009,0.00967045299456551
GROUP_complete,representation_kd,CY-Bench_wheat_AU|AU-522|2010,0.11722285862049964
GROUP_complete,representation_kd,CY-Bench_wheat_AU|AU-522|2011,0.010068690539864894
GROUP_complete,representation_kd,CY-Bench_wheat_AU|AU-522|2012,0.08700417256276571
GROUP_complete,representation_kd,CY-Bench_wheat_AU|AU-522|2013,0.09636397120128842
GROUP_complete,representation_kd,CY-Bench_wheat_AU|AU-522|2014,0.10426657601882011
GROUP_complete,representation_kd,CY-Bench_wheat_AU|AU-522|2015,0.12553308942119618
GROUP_complete,representation_kd,CY-Bench_wheat_AU|AU-522|2016,-0.11767010416104341
GROUP_complete,representation_kd,CY-Bench_wheat_AU|AU-522|2017,0.10733026929881528
GROUP_complete,representation_kd,CY-Bench_wheat_AU|AU-522|2018,-0.01173337368684177
GROUP_complete,representation_kd,CY-Bench_wheat_AU|AU-522|2019,-0.051988199995643414
GROUP_complete,representation_kd,CY-Bench_wheat_AU|AU-522|2020,0.09000342548869622
GROUP_complete,representation_kd,CY-Bench_wheat_AU|AU-522|2021,-0.012038027495078818
GROUP_complete,representation_kd,CY-Bench_wheat_AU|AU-522|2022,-0.022917408897757896
GROUP_complete,representation_kd,CY-Bench_wheat_AU|AU-522|2023,0.053264407544913905
SPATIAL_complete,combined_kd,CY-Bench_wheat_AU|AU-222|2001,0.003468777443762172
SPATIAL_complete,combined_kd,CY-Bench_wheat_AU|AU-222|2002,0.10514890428365382
SPATIAL_complete,combined_kd,CY-Bench_wheat_AU|AU-222|2003,0.04772692486805974
SPATIAL_complete,combined_kd,CY-Bench_wheat_AU|AU-222|2004,0.07395820639595711
SPATIAL_complete,combined_kd,CY-Bench_wheat_AU|AU-222|2005,0.09512902611215923
SPATIAL_complete,combined_kd,CY-Bench_wheat_AU|AU-222|2006,0.055771742642455165
SPATIAL_complete,combined_kd,CY-Bench_wheat_AU|AU-222|2007,0.14767618992806333
SPATIAL_complete,combined_kd,CY-Bench_wheat_AU|AU-222|2008,0.12191845088313262
SPATIAL_complete,combined_kd,CY-Bench_wheat_AU|AU-222|2009,0.07998410150837588
SPATIAL_complete,combined_kd,CY-Bench_wheat_AU|AU-222|2010,-0.02970971450290576
SPATIAL_complete,combined_kd,CY-Bench_wheat_AU|AU-222|2011,0.07573862199055838
SPATIAL_complete,combined_kd,CY-Bench_wheat_AU|AU-222|2012,0.15668618511823898
SPATIAL_complete,combined_kd,CY-Bench_wheat_AU|AU-222|2013,0.058502426536086505
SPATIAL_complete,combined_kd,CY-Bench_wheat_AU|AU-222|2014,0.14251088653490124
SPATIAL_complete,combined_kd,CY-Bench_wheat_AU|AU-222|2015,0.09108351996832753
SPATIAL_complete,combined_kd,CY-Bench_wheat_AU|AU-222|2016,0.01873680052765343
SPATIAL_complete,combined_kd,CY-Bench_wheat_AU|AU-222|2017,0.10877724251138166
SPATIAL_complete,combined_kd,CY-Bench_wheat_AU|AU-222|2018,0.14980047578644917
SPATIAL_complete,combined_kd,CY-Bench_wheat_AU|AU-222|2019,0.13461727112475538
SPATIAL_complete,combined_kd,CY-Bench_wheat_AU|AU-222|2020,0.08787077729676414
SPATIAL_complete,combined_kd,CY-Bench_wheat_AU|AU-222|2021,0.07095285532901033
SPATIAL_complete,combined_kd,CY-Bench_wheat_AU|AU-222|2022,-0.03500451050178486
SPATIAL_complete,combined_kd,CY-Bench_wheat_AU|AU-222|2023,0.18912101932169226
SPATIAL_complete,combined_kd,CY-Bench_wheat_AU|AU-512|2001,-0.038172723071468094
SPATIAL_complete,combined_kd,CY-Bench_wheat_AU|AU-512|2002,-0.07995150737364143
SPATIAL_complete,combined_kd,CY-Bench_wheat_AU|AU-512|2004,-0.04571096267184752
SPATIAL_complete,combined_kd,CY-Bench_wheat_AU|AU-512|2013,-0.05136298519097979
SPATIAL_complete,combined_kd,CY-Bench_wheat_AU|AU-512|2014,-0.08405467208164559
SPATIAL_complete,combined_kd,CY-Bench_wheat_AU|AU-512|2015,-0.06930838025006072
SPATIAL_complete,combined_kd,CY-Bench_wheat_AU|AU-512|2022,-0.00517125293084561
SPATIAL_complete,combined_kd,CY-Bench_wheat_AU|AU-512|2023,-0.1002041424439813
SPATIAL_complete,missing_aware,CY-Bench_wheat_AU|AU-222|2001,-0.04020436896333703
SPATIAL_complete,missing_aware,CY-Bench_wheat_AU|AU-222|2002,-0.02573925461315543
SPATIAL_complete,missing_aware,CY-Bench_wheat_AU|AU-222|2003,-0.01970272670842714
SPATIAL_complete,missing_aware,CY-Bench_wheat_AU|AU-222|2004,0.002322663102631702
SPATIAL_complete,missing_aware,CY-Bench_wheat_AU|AU-222|2005,-0.02244098442896343
SPATIAL_complete,missing_aware,CY-Bench_wheat_AU|AU-222|2006,0.05741175968076801
SPATIAL_complete,missing_aware,CY-Bench_wheat_AU|AU-222|2007,-0.005457924566499429
SPATIAL_complete,missing_aware,CY-Bench_wheat_AU|AU-222|2008,-0.011078699957240036
SPATIAL_complete,missing_aware,CY-Bench_wheat_AU|AU-222|2009,-0.019555960050198468
SPATIAL_complete,missing_aware,CY-Bench_wheat_AU|AU-222|2010,-0.0710810800179404
SPATIAL_complete,missing_aware,CY-Bench_wheat_AU|AU-222|2011,-0.014247471829592297
SPATIAL_complete,missing_aware,CY-Bench_wheat_AU|AU-222|2012,-0.0076126368223551665
SPATIAL_complete,missing_aware,CY-Bench_wheat_AU|AU-222|2013,-0.009594152585058064
SPATIAL_complete,missing_aware,CY-Bench_wheat_AU|AU-222|2014,0.02396010313864219
SPATIAL_complete,missing_aware,CY-Bench_wheat_AU|AU-222|2015,-0.017848430123418167
SPATIAL_complete,missing_aware,CY-Bench_wheat_AU|AU-222|2016,-0.03291150553190167
SPATIAL_complete,missing_aware,CY-Bench_wheat_AU|AU-222|2017,0.010496343676109169
SPATIAL_complete,missing_aware,CY-Bench_wheat_AU|AU-222|2018,-0.009039750966217069
SPATIAL_complete,missing_aware,CY-Bench_wheat_AU|AU-222|2019,0.023885847381575297
SPATIAL_complete,missing_aware,CY-Bench_wheat_AU|AU-222|2020,0.013466035008422304
SPATIAL_complete,missing_aware,CY-Bench_wheat_AU|AU-222|2021,-0.026073855970547635
SPATIAL_complete,missing_aware,CY-Bench_wheat_AU|AU-222|2022,-0.037590111137065035
SPATIAL_complete,missing_aware,CY-Bench_wheat_AU|AU-222|2023,0.0017118028245110366
SPATIAL_complete,missing_aware,CY-Bench_wheat_AU|AU-512|2001,-0.02584313801276224
SPATIAL_complete,missing_aware,CY-Bench_wheat_AU|AU-512|2002,-0.09378173295226527
SPATIAL_complete,missing_aware,CY-Bench_wheat_AU|AU-512|2004,-0.034330605311633115
SPATIAL_complete,missing_aware,CY-Bench_wheat_AU|AU-512|2013,-0.05035953815376179
SPATIAL_complete,missing_aware,CY-Bench_wheat_AU|AU-512|2014,-0.08235763024327766
SPATIAL_complete,missing_aware,CY-Bench_wheat_AU|AU-512|2015,-0.02962803764752453
SPATIAL_complete,missing_aware,CY-Bench_wheat_AU|AU-512|2022,0.013759302081661892
SPATIAL_complete,missing_aware,CY-Bench_wheat_AU|AU-512|2023,-0.10231534319300034
SPATIAL_complete,prediction_kd,CY-Bench_wheat_AU|AU-222|2001,-0.0238608951092661
SPATIAL_complete,prediction_kd,CY-Bench_wheat_AU|AU-222|2002,0.013981316895133598
SPATIAL_complete,prediction_kd,CY-Bench_wheat_AU|AU-222|2003,-0.023233083373265264
SPATIAL_complete,prediction_kd,CY-Bench_wheat_AU|AU-222|2004,0.0072303107505050325
SPATIAL_complete,prediction_kd,CY-Bench_wheat_AU|AU-222|2005,-0.003830896281374662
SPATIAL_complete,prediction_kd,CY-Bench_wheat_AU|AU-222|2006,-0.014852885407818423
SPATIAL_complete,prediction_kd,CY-Bench_wheat_AU|AU-222|2007,0.045678421067055865
SPATIAL_complete,prediction_kd,CY-Bench_wheat_AU|AU-222|2008,0.006183580485868996
SPATIAL_complete,prediction_kd,CY-Bench_wheat_AU|AU-222|2009,0.038976246672911004
SPATIAL_complete,prediction_kd,CY-Bench_wheat_AU|AU-222|2010,-0.03211354533995133
SPATIAL_complete,prediction_kd,CY-Bench_wheat_AU|AU-222|2011,0.0072094857355114355
SPATIAL_complete,prediction_kd,CY-Bench_wheat_AU|AU-222|2012,0.0001531393059556301
SPATIAL_complete,prediction_kd,CY-Bench_wheat_AU|AU-222|2013,0.00021299276161413036
SPATIAL_complete,prediction_kd,CY-Bench_wheat_AU|AU-222|2014,0.02911539473488393
SPATIAL_complete,prediction_kd,CY-Bench_wheat_AU|AU-222|2015,0.03786403046491409
SPATIAL_complete,prediction_kd,CY-Bench_wheat_AU|AU-222|2016,-0.04000599522808051
SPATIAL_complete,prediction_kd,CY-Bench_wheat_AU|AU-222|2017,0.0328364066330108
SPATIAL_complete,prediction_kd,CY-Bench_wheat_AU|AU-222|2018,0.020685698294284568
SPATIAL_complete,prediction_kd,CY-Bench_wheat_AU|AU-222|2019,-0.0075886441246790365
SPATIAL_complete,prediction_kd,CY-Bench_wheat_AU|AU-222|2020,0.022555294991121234
SPATIAL_complete,prediction_kd,CY-Bench_wheat_AU|AU-222|2021,0.0055976004805009015
SPATIAL_complete,prediction_kd,CY-Bench_wheat_AU|AU-222|2022,-0.051151823797107726
SPATIAL_complete,prediction_kd,CY-Bench_wheat_AU|AU-222|2023,0.0145373551508988
SPATIAL_complete,prediction_kd,CY-Bench_wheat_AU|AU-512|2001,0.02076671269464393
SPATIAL_complete,prediction_kd,CY-Bench_wheat_AU|AU-512|2002,-0.060645310637626466
SPATIAL_complete,prediction_kd,CY-Bench_wheat_AU|AU-512|2004,0.01855239867702536
SPATIAL_complete,prediction_kd,CY-Bench_wheat_AU|AU-512|2013,-0.007487356133208473
SPATIAL_complete,prediction_kd,CY-Bench_wheat_AU|AU-512|2014,-0.04133761913586193
SPATIAL_complete,prediction_kd,CY-Bench_wheat_AU|AU-512|2015,0.017231134051672554
SPATIAL_complete,prediction_kd,CY-Bench_wheat_AU|AU-512|2022,0.08902193026994006
SPATIAL_complete,prediction_kd,CY-Bench_wheat_AU|AU-512|2023,-0.09123292439214677
SPATIAL_complete,representation_kd,CY-Bench_wheat_AU|AU-222|2001,-0.008087196320725234
SPATIAL_complete,representation_kd,CY-Bench_wheat_AU|AU-222|2002,0.0512176767942312
SPATIAL_complete,representation_kd,CY-Bench_wheat_AU|AU-222|2003,-0.003520963799270971
SPATIAL_complete,representation_kd,CY-Bench_wheat_AU|AU-222|2004,0.00871058101494764
SPATIAL_complete,representation_kd,CY-Bench_wheat_AU|AU-222|2005,-0.00038169278266326584
SPATIAL_complete,representation_kd,CY-Bench_wheat_AU|AU-222|2006,0.06514008346060646
SPATIAL_complete,representation_kd,CY-Bench_wheat_AU|AU-222|2007,0.028097069240470937
SPATIAL_complete,representation_kd,CY-Bench_wheat_AU|AU-222|2008,-0.003038947426057074
SPATIAL_complete,representation_kd,CY-Bench_wheat_AU|AU-222|2009,0.037570444141115426
SPATIAL_complete,representation_kd,CY-Bench_wheat_AU|AU-222|2010,-0.015472409818863197
SPATIAL_complete,representation_kd,CY-Bench_wheat_AU|AU-222|2011,0.008496794560577073
SPATIAL_complete,representation_kd,CY-Bench_wheat_AU|AU-222|2012,-0.009224845254010535
SPATIAL_complete,representation_kd,CY-Bench_wheat_AU|AU-222|2013,0.004320472936887298
SPATIAL_complete,representation_kd,CY-Bench_wheat_AU|AU-222|2014,0.056364790668875536
SPATIAL_complete,representation_kd,CY-Bench_wheat_AU|AU-222|2015,0.023978064566351168
SPATIAL_complete,representation_kd,CY-Bench_wheat_AU|AU-222|2016,-0.0041877835487885385
SPATIAL_complete,representation_kd,CY-Bench_wheat_AU|AU-222|2017,0.025529645092774
SPATIAL_complete,representation_kd,CY-Bench_wheat_AU|AU-222|2018,0.05381296172720653
SPATIAL_complete,representation_kd,CY-Bench_wheat_AU|AU-222|2019,0.035420215464705106
SPATIAL_complete,representation_kd,CY-Bench_wheat_AU|AU-222|2020,0.017568106770556167
SPATIAL_complete,representation_kd,CY-Bench_wheat_AU|AU-222|2021,0.0030864402159517684
SPATIAL_complete,representation_kd,CY-Bench_wheat_AU|AU-222|2022,-0.032424130156888865
SPATIAL_complete,representation_kd,CY-Bench_wheat_AU|AU-222|2023,0.017454870384853965
SPATIAL_complete,representation_kd,CY-Bench_wheat_AU|AU-512|2001,-0.030916098547300357
SPATIAL_complete,representation_kd,CY-Bench_wheat_AU|AU-512|2002,-0.11049420975599884
SPATIAL_complete,representation_kd,CY-Bench_wheat_AU|AU-512|2004,-0.03355890337168812
SPATIAL_complete,representation_kd,CY-Bench_wheat_AU|AU-512|2013,-0.061188041224033214
SPATIAL_complete,representation_kd,CY-Bench_wheat_AU|AU-512|2014,-0.10466705366518421
SPATIAL_complete,representation_kd,CY-Bench_wheat_AU|AU-512|2015,-0.040782277994578876
SPATIAL_complete,representation_kd,CY-Bench_wheat_AU|AU-512|2022,0.0075351640090108585
SPATIAL_complete,representation_kd,CY-Bench_wheat_AU|AU-512|2023,-0.10062739369000144
