contract,method,seed,group,absolute_attribution,attribution_share
GROUP_complete,combined_kd,101,observation_support,0.1155126204562261,0.18103030193444955
GROUP_complete,combined_kd,101,radiation,0.2725147552926965,0.4270825840274704
GROUP_complete,combined_kd,101,temperature,0.11415703619949198,0.1789058429244736
GROUP_complete,combined_kd,101,water_balance,0.13590003701887943,0.21298127111360646
GROUP_complete,combined_kd,202,observation_support,0.10588793429829502,0.20570387244434418
GROUP_complete,combined_kd,202,radiation,0.08534020195188725,0.16578668885193515
GROUP_complete,combined_kd,202,temperature,0.1342350565342475,0.26077259066262465
GROUP_complete,combined_kd,202,water_balance,0.18929587830182,0.3677368480410961
GROUP_complete,combined_kd,303,observation_support,0.0859569650156737,0.2285571358806811
GROUP_complete,combined_kd,303,radiation,0.09705127393125842,0.25805658912288415
GROUP_complete,combined_kd,303,temperature,0.06712786298525586,0.17849108677700815
GROUP_complete,combined_kd,303,water_balance,0.12594913681768757,0.33489518821942665
GROUP_complete,missing_aware,101,observation_support,0.07621359770972252,0.15364744329874055
GROUP_complete,missing_aware,101,radiation,0.15418904936535557,0.31084680334711406
GROUP_complete,missing_aware,101,temperature,0.13242636104807887,0.26697298660390617
GROUP_complete,missing_aware,101,water_balance,0.13320005733638682,0.26853276675023924
GROUP_complete,missing_aware,202,observation_support,0.11783540663781804,0.222781892548127
GROUP_complete,missing_aware,202,radiation,0.13840270261077775,0.2616668190077679
GROUP_complete,missing_aware,202,temperature,0.1408765759946697,0.2663439717423604
GROUP_complete,missing_aware,202,water_balance,0.1318125327188602,0.24920731670174467
GROUP_complete,missing_aware,303,observation_support,0.0720758502735459,0.14382153797609418
GROUP_complete,missing_aware,303,radiation,0.20745221601538757,0.4139541420690356
GROUP_complete,missing_aware,303,temperature,0.11753103586654826,0.23452368961444733
GROUP_complete,missing_aware,303,water_balance,0.10408871817672921,0.20770063034042288
GROUP_complete,prediction_kd,101,observation_support,0.31780283991577674,0.2250392153109236
GROUP_complete,prediction_kd,101,radiation,0.5618281534407288,0.397835862081641
GROUP_complete,prediction_kd,101,temperature,0.2671650167445632,0.1891820908292066
GROUP_complete,prediction_kd,101,water_balance,0.2654149215656055,0.18794283177822876
GROUP_complete,prediction_kd,202,observation_support,0.1784343372588383,0.16595342188855688
GROUP_complete,prediction_kd,202,radiation,0.41082883683114274,0.382092664057835
GROUP_complete,prediction_kd,202,temperature,0.2928678869872111,0.27238270813479004
GROUP_complete,prediction_kd,202,water_balance,0.1930762785982907,0.1795712059188181
GROUP_complete,prediction_kd,303,observation_support,0.08570483633347094,0.1242514622045769
GROUP_complete,prediction_kd,303,radiation,0.18066562738229508,0.2619218393348783
GROUP_complete,prediction_kd,303,temperature,0.31209308337620506,0.4524601365848959
GROUP_complete,prediction_kd,303,water_balance,0.11130569033044316,0.16136656187564888
GROUP_complete,representation_kd,101,observation_support,0.06091209184642588,0.10990981198000895
GROUP_complete,representation_kd,101,radiation,0.22598539860522807,0.40776817735221815
GROUP_complete,representation_kd,101,temperature,0.10282345018052354,0.18553468997535802
GROUP_complete,representation_kd,101,water_balance,0.16447973307568894,0.2967873206924149
GROUP_complete,representation_kd,202,observation_support,0.14733607246661962,0.1949056101531252
GROUP_complete,representation_kd,202,radiation,0.18915590152306397,0.2502275633061275
GROUP_complete,representation_kd,202,temperature,0.24710295218974349,0.3268836399727703
GROUP_complete,representation_kd,202,water_balance,0.17234058717427692,0.22798318656797692
GROUP_complete,representation_kd,303,observation_support,0.15770456141468442,0.3092643279354608
GROUP_complete,representation_kd,303,radiation,0.14205236272305566,0.2785698022625456
GROUP_complete,representation_kd,303,temperature,0.11081749005543605,0.21731709138945596
GROUP_complete,representation_kd,303,water_balance,0.0993601213139231,0.19484877841253767
GROUP_complete,supervised,101,observation_support,0.08190757281259228,0.13459949962737897
GROUP_complete,supervised,101,radiation,0.19857390729234886,0.3263184055247038
GROUP_complete,supervised,101,temperature,0.07662599241024155,0.12592022791919708
GROUP_complete,supervised,101,water_balance,0.25142059065996014,0.4131618669287201
GROUP_complete,supervised,202,observation_support,0.0822496563196182,0.19400475453196936
GROUP_complete,supervised,202,radiation,0.06058366660676569,0.14290052864195124
GROUP_complete,supervised,202,temperature,0.12668298537154557,0.2988109930195736
GROUP_complete,supervised,202,water_balance,0.15444060202647483,0.36428372380650575
GROUP_complete,supervised,303,observation_support,0.06619926959970517,0.08332326149292507
GROUP_complete,supervised,303,radiation,0.3638434940248087,0.4579601373013288
GROUP_complete,supervised,303,temperature,0.21636212207577238,0.27232925353853227
GROUP_complete,supervised,303,water_balance,0.14808237288267379,0.18638734766721382
SPATIAL_complete,combined_kd,101,observation_support,0.10618824367561647,0.17931252198429673
SPATIAL_complete,combined_kd,101,radiation,0.21181213723555686,0.3576720661339366
SPATIAL_complete,combined_kd,101,temperature,0.09311311133205886,0.1572334775002026
SPATIAL_complete,combined_kd,101,water_balance,0.18108298405704476,0.3057819343815641
SPATIAL_complete,combined_kd,202,observation_support,0.08649405290282539,0.11236065135180456
SPATIAL_complete,combined_kd,202,radiation,0.31538100597719027,0.409697708296739
SPATIAL_complete,combined_kd,202,temperature,0.1505244070393664,0.1955396914778506
SPATIAL_complete,combined_kd,202,water_balance,0.2173900632638364,0.28240194887360587
SPATIAL_complete,combined_kd,303,observation_support,0.1485461990364016,0.14518753897588013
SPATIAL_complete,combined_kd,303,radiation,0.45103891543112695,0.4408408329434814
SPATIAL_complete,combined_kd,303,temperature,0.16465771400685145,0.1609347692847448
SPATIAL_complete,combined_kd,303,water_balance,0.25889042444947746,0.25303685879589366
SPATIAL_complete,missing_aware,101,observation_support,0.0743207592236739,0.12348537904578659
SPATIAL_complete,missing_aware,101,radiation,0.15973505488927323,0.2654028834734819
SPATIAL_complete,missing_aware,101,temperature,0.17416924989271546,0.2893855776741232
SPATIAL_complete,missing_aware,101,water_balance,0.19363371310605396,0.3217261598066083
SPATIAL_complete,missing_aware,202,observation_support,0.1397679607754433,0.0774620785629508
SPATIAL_complete,missing_aware,202,radiation,0.8200925431259337,0.45451098128686795
SPATIAL_complete,missing_aware,202,temperature,0.42415018808171756,0.2350721510809147
SPATIAL_complete,missing_aware,202,water_balance,0.42032974618186636,0.23295478906926648
SPATIAL_complete,missing_aware,303,observation_support,0.1705095148995839,0.09390029744042663
SPATIAL_complete,missing_aware,303,radiation,1.0216131589165138,0.5626066061346151
SPATIAL_complete,missing_aware,303,temperature,0.40172813147787123,0.22123334910766895
SPATIAL_complete,missing_aware,303,water_balance,0.22200622122674696,0.12225974731728927
SPATIAL_complete,prediction_kd,101,observation_support,0.11736335836210716,0.10307336438390437
SPATIAL_complete,prediction_kd,101,radiation,0.45112230194612374,0.39619429828118713
SPATIAL_complete,prediction_kd,101,temperature,0.25130888592121337,0.22070987685568483
SPATIAL_complete,prediction_kd,101,water_balance,0.31884451017099164,0.28002246047922374
SPATIAL_complete,prediction_kd,202,observation_support,0.2063299037305818,0.09828840032967574
SPATIAL_complete,prediction_kd,202,radiation,1.0038539126793282,0.47820114029992117
SPATIAL_complete,prediction_kd,202,temperature,0.3065982341067865,0.14605275061635634
SPATIAL_complete,prediction_kd,202,water_balance,0.5824473909892878,0.27745770875404685
SPATIAL_complete,prediction_kd,303,observation_support,0.08290741269186297,0.10321835467301772
SPATIAL_complete,prediction_kd,303,radiation,0.31673553736219484,0.394330494361315
SPATIAL_complete,prediction_kd,303,temperature,0.31325225939132995,0.38999387102031513
SPATIAL_complete,prediction_kd,303,water_balance,0.09032833499593595,0.11245727994535216
SPATIAL_complete,representation_kd,101,observation_support,0.06663031484531137,0.10711491115827784
SPATIAL_complete,representation_kd,101,radiation,0.19619827885781563,0.31540840318782876
SPATIAL_complete,representation_kd,101,temperature,0.13897855109685367,0.22342195422918973
SPATIAL_complete,representation_kd,101,water_balance,0.22023804129792315,0.3540547314247037
SPATIAL_complete,representation_kd,202,observation_support,0.15305082663713443,0.10545402749581448
SPATIAL_complete,representation_kd,202,radiation,0.7088678961980247,0.48841928043810706
SPATIAL_complete,representation_kd,202,temperature,0.17320760750331943,0.11934231395851594
SPATIAL_complete,representation_kd,202,water_balance,0.416224843927569,0.28678437810756247
SPATIAL_complete,representation_kd,303,observation_support,0.2500049339116661,0.14366310002751476
SPATIAL_complete,representation_kd,303,radiation,0.43217295828846186,0.24834432650724994
SPATIAL_complete,representation_kd,303,temperature,0.5759328969889471,0.330954689952215
SPATIAL_complete,representation_kd,303,water_balance,0.4821059669841141,0.27703788351302033
SPATIAL_complete,supervised,101,observation_support,0.0684338035237204,0.1507350229600436
SPATIAL_complete,supervised,101,radiation,0.17033069043029694,0.37517716699630077
SPATIAL_complete,supervised,101,temperature,0.07477605004133953,0.16470470789974168
SPATIAL_complete,supervised,101,water_balance,0.1404601399854366,0.3093831021439139
SPATIAL_complete,supervised,202,observation_support,0.1906335862523686,0.10546711861639022
SPATIAL_complete,supervised,202,radiation,0.9977619613993973,0.552007026686909
SPATIAL_complete,supervised,202,temperature,0.2394110421263312,0.13245301247485525
SPATIAL_complete,supervised,202,water_balance,0.37971018657140854,0.21007284222184552
SPATIAL_complete,supervised,303,observation_support,0.07294929924831593,0.06361814647654038
SPATIAL_complete,supervised,303,radiation,0.7320911707656999,0.638447302659037
SPATIAL_complete,supervised,303,temperature,0.13933287366413538,0.12151040869617251
SPATIAL_complete,supervised,303,water_balance,0.20230104544785832,0.17642414216824998
