contract,route,feature_name,feature_group,n_clusters,mean_signed_delta,median_signed_delta,mean_absolute_delta,ci_lo,ci_hi
GROUP_complete,combined_kd,weather_coverage,observation_support,279,0.0,0.0,0.0,0.0,0.0
GROUP_complete,combined_kd,weather_cwb_sum,water_balance,279,0.009194009530100977,0.011667367070913301,0.04455180817006627,0.0016442383388324338,0.01680951714473959
GROUP_complete,combined_kd,weather_et0_sum,water_balance,279,0.005636805287932824,-0.018662065267562894,0.23360020283436048,-0.02515493475766953,0.03660939521036081
GROUP_complete,combined_kd,weather_expected_days,observation_support,279,-0.03992401477697182,-0.007700465619564098,0.12568138521765504,-0.05837650727372162,-0.02190128771077481
GROUP_complete,combined_kd,weather_observed_days,observation_support,279,-0.008937661299034694,0.006959894672036098,0.10273277147349277,-0.025182612717992835,0.007509426018022874
GROUP_complete,combined_kd,weather_prec_sum,water_balance,279,-0.016585809312173305,-0.022462455555796648,0.06575715942074639,-0.027192344572428435,-0.005727850457262827
GROUP_complete,combined_kd,weather_rad_sum,radiation,279,-0.012325078360803137,-0.0295684691518545,0.22920518248478838,-0.04579610678285534,0.022323320097937572
GROUP_complete,combined_kd,weather_tmax_mean,temperature,279,-0.07593533447626509,-0.027497990056872396,0.16090372465651043,-0.1065199938965761,-0.0476013197410037
GROUP_complete,combined_kd,weather_tmin_mean,temperature,279,0.03740551781516829,0.0443026572465896,0.09280388701647037,0.02387323552937877,0.05128610135217974
GROUP_complete,combined_kd,weather_vpd_mean,water_balance,279,-0.09638953403699943,-0.045167574658989906,0.19071919550972333,-0.12575034399351645,-0.06773234999072687
GROUP_complete,missing_aware,weather_coverage,observation_support,279,0.0,0.0,0.0,0.0,0.0
GROUP_complete,missing_aware,weather_cwb_sum,water_balance,279,0.0243898254041443,0.022340776398777903,0.06110724812794111,0.015302537250629612,0.03324204061470763
GROUP_complete,missing_aware,weather_et0_sum,water_balance,279,0.03790052261831086,-0.00879427976906301,0.17733319450877474,0.012164090637377997,0.06496563787241619
GROUP_complete,missing_aware,weather_expected_days,observation_support,279,-0.06865294794234911,-0.0185633841902017,0.1429918151445633,-0.0892743056821954,-0.04889902963977322
GROUP_complete,missing_aware,weather_observed_days,observation_support,279,0.049252579208984154,0.029669522307813098,0.09082989445403486,0.03670735810616298,0.06227666878468594
GROUP_complete,missing_aware,weather_prec_sum,water_balance,279,-0.011941007300076408,-0.008852098137140302,0.06818330271743689,-0.022511043409920394,-0.001485955255192875
GROUP_complete,missing_aware,weather_rad_sum,radiation,279,0.022342705294676773,0.057599074207246304,0.182356559644757,-0.00392544149240901,0.04910013689976652
GROUP_complete,missing_aware,weather_tmax_mean,temperature,279,-0.020669958499130062,0.0150042995810509,0.1734858964716742,-0.05501634510080447,0.011300554531576336
GROUP_complete,missing_aware,weather_tmin_mean,temperature,279,0.071346929154983,0.0646967962384223,0.13323220105734934,0.052384261302917,0.0910235128932095
GROUP_complete,missing_aware,weather_vpd_mean,water_balance,279,-0.13961672017143834,-0.10898603126406672,0.2252211165163786,-0.17102356142277653,-0.1089932396550626
GROUP_complete,prediction_kd,weather_coverage,observation_support,279,0.0,0.0,0.0,0.0,0.0
GROUP_complete,prediction_kd,weather_cwb_sum,water_balance,279,-0.037855508486076016,-0.0324426144361495,0.07019284953643637,-0.04910176861672378,-0.027335272780803145
GROUP_complete,prediction_kd,weather_et0_sum,water_balance,279,-0.03089799423698723,-0.0015341090038419325,0.25318989142989173,-0.06780513196780535,0.00448846259520735
GROUP_complete,prediction_kd,weather_expected_days,observation_support,279,0.02987448914781027,-0.003107768483459894,0.2370817361250987,-0.021460852317685616,0.08409272233887133
GROUP_complete,prediction_kd,weather_observed_days,observation_support,279,-0.11093542498067409,-0.029485765844583497,0.2552405620193256,-0.15075536090922356,-0.07127429350376493
GROUP_complete,prediction_kd,weather_prec_sum,water_balance,279,-0.011354819926563446,-0.0207500727847219,0.09466115529665646,-0.025579960620753447,0.0025316746904611616
GROUP_complete,prediction_kd,weather_rad_sum,radiation,279,0.1307380617050434,0.16285242326557636,0.42837264881082093,0.07563309779029347,0.18519431628886857
GROUP_complete,prediction_kd,weather_tmax_mean,temperature,279,0.16497685981490465,0.22368868626654154,0.26610848706259016,0.1326050970638271,0.19621661470207388
GROUP_complete,prediction_kd,weather_tmin_mean,temperature,279,0.08395099772205476,0.027538184076547567,0.15239959590071914,0.06062018144291602,0.10806663129860485
GROUP_complete,prediction_kd,weather_vpd_mean,water_balance,279,-0.0285264115328283,-0.037598501890897695,0.1954838250969006,-0.06212946031180855,0.006034625045401097
GROUP_complete,representation_kd,weather_coverage,observation_support,279,0.0,0.0,0.0,0.0,0.0
GROUP_complete,representation_kd,weather_cwb_sum,water_balance,279,0.017173906896717325,0.015763021074235502,0.05032767920077218,0.009373140552808858,0.0247966275624697
GROUP_complete,representation_kd,weather_et0_sum,water_balance,279,-0.05901779953430415,-0.0357775054872036,0.17605479223166315,-0.08454101791665439,-0.03380257128337296
GROUP_complete,representation_kd,weather_expected_days,observation_support,279,0.019042517510860304,0.021915243938565202,0.11569957642258544,0.003589194311633522,0.035121145272730955
GROUP_complete,representation_kd,weather_observed_days,observation_support,279,0.08336318921177617,0.10393133386969569,0.1982550618696063,0.055995480760457954,0.1108654502807619
GROUP_complete,representation_kd,weather_prec_sum,water_balance,279,-0.002607544566968636,-0.017633862793445598,0.06128321331341525,-0.012593807602521535,0.007708687136136672
GROUP_complete,representation_kd,weather_rad_sum,radiation,279,0.014203718234200725,0.0027152542024850845,0.22545458498748025,-0.015376223884289265,0.04353159896046336
GROUP_complete,representation_kd,weather_tmax_mean,temperature,279,-0.06637755431248187,0.00026700645685200086,0.192137713330434,-0.10705548792870509,-0.028723714221101957
GROUP_complete,representation_kd,weather_tmin_mean,temperature,279,0.09661737688413177,0.0674700681120157,0.16853662411178258,0.07395031093152435,0.12047549136446983
GROUP_complete,representation_kd,weather_vpd_mean,water_balance,279,-0.04821244572159103,-0.030278906226158087,0.12667975187181466,-0.06763988097588862,-0.029065523861730485
SPATIAL_complete,combined_kd,weather_coverage,observation_support,31,0.0,0.0,0.0,0.0,0.0
SPATIAL_complete,combined_kd,weather_cwb_sum,water_balance,31,0.055142608911840495,0.0551718646505227,0.1524951327216601,0.03338698061459739,0.08033378606365485
SPATIAL_complete,combined_kd,weather_et0_sum,water_balance,31,0.06789917751060179,0.09232424789418775,0.32561324736959624,0.027193069411754638,0.10529477484230085
SPATIAL_complete,combined_kd,weather_expected_days,observation_support,31,0.010290019865077665,0.018618957605212916,0.1416296580936559,-0.009494013991269477,0.029297610453795645
SPATIAL_complete,combined_kd,weather_observed_days,observation_support,31,-0.02460198528483829,-0.06764477615555126,0.19298892648970728,-0.07636223147267736,0.03054305965942082
SPATIAL_complete,combined_kd,weather_prec_sum,water_balance,31,-0.006137415025663626,-0.002768755269547285,0.06516030800819235,-0.01881723327697403,0.007522829234479902
SPATIAL_complete,combined_kd,weather_rad_sum,radiation,31,-0.2784680703877703,-0.3688147675711662,0.42311724910377374,-0.3835224798679608,-0.1675503883324939
SPATIAL_complete,combined_kd,weather_tmax_mean,temperature,31,-0.061639537279974774,-0.10271675760547316,0.14265024445335112,-0.09653159728197389,-0.023946728241524703
SPATIAL_complete,combined_kd,weather_tmin_mean,temperature,31,-0.047762519096635196,0.07253708977562691,0.26738608974502776,-0.13219617018075558,0.029307581419600874
SPATIAL_complete,combined_kd,weather_vpd_mean,water_balance,31,-0.08293195684084932,-0.16674697150786721,0.2726841260671556,-0.15119608710739033,-0.012210584183784332
SPATIAL_complete,missing_aware,weather_coverage,observation_support,31,0.0,0.0,0.0,0.0,0.0
SPATIAL_complete,missing_aware,weather_cwb_sum,water_balance,31,-0.058800703365235574,-0.0800466428821285,0.17039956579044938,-0.08741337510917375,-0.02776123485991092
SPATIAL_complete,missing_aware,weather_et0_sum,water_balance,31,0.03819137233339492,-0.032521778717636986,0.3891904505660697,-0.0665190324562812,0.1467555259987812
SPATIAL_complete,missing_aware,weather_expected_days,observation_support,31,0.009802591936883064,0.0830751402924457,0.17867527035395459,-0.048191988591971005,0.06221289395840376
SPATIAL_complete,missing_aware,weather_observed_days,observation_support,31,0.09484331365624661,0.0912024624024828,0.19109142484313613,0.07223519094698932,0.11706523991850837
SPATIAL_complete,missing_aware,weather_prec_sum,water_balance,31,-0.05208803417902159,-0.0182345760986209,0.10561304442804825,-0.08629157752316864,-0.019051989765151812
SPATIAL_complete,missing_aware,weather_rad_sum,radiation,31,0.04075298156283836,0.01688588907321294,0.25351954331266024,0.002438259696192385,0.0806461905698187
SPATIAL_complete,missing_aware,weather_tmax_mean,temperature,31,-0.04992430585922211,-0.055418275684739095,0.28093214025245283,-0.08051675613168426,-0.02014722818332242
SPATIAL_complete,missing_aware,weather_tmin_mean,temperature,31,0.05728940877021963,0.2495054479998847,0.4488831751013515,-0.12237335913414037,0.21833352453710006
SPATIAL_complete,missing_aware,weather_vpd_mean,water_balance,31,-0.027234550843375817,-0.07270963567619528,0.25108145611230487,-0.08649634540929728,0.03365397961730121
SPATIAL_complete,prediction_kd,weather_coverage,observation_support,31,0.0,0.0,0.0,0.0,0.0
SPATIAL_complete,prediction_kd,weather_cwb_sum,water_balance,31,-0.011532491282059236,0.0729268637175361,0.2622377803857107,-0.07582524985748453,0.050380952898425445
SPATIAL_complete,prediction_kd,weather_et0_sum,water_balance,31,-0.17367937793249205,-0.23672086761022607,0.5375927263928416,-0.27854906700142185,-0.0669920328923786
SPATIAL_complete,prediction_kd,weather_expected_days,observation_support,31,-0.04374369603496605,-0.06933712881679334,0.16232529904578197,-0.07515890273028954,-0.00990365285254881
SPATIAL_complete,prediction_kd,weather_observed_days,observation_support,31,-0.029099484300991955,-0.012868164417644387,0.1554849250279667,-0.057766094516089043,-0.00172519131616179
SPATIAL_complete,prediction_kd,weather_prec_sum,water_balance,31,0.008480388967831041,0.016008089218909564,0.08680464323454846,-0.006934334333017172,0.022976909304395735
SPATIAL_complete,prediction_kd,weather_rad_sum,radiation,31,-0.07718507885201885,-0.08174512217131756,0.31715906250681125,-0.11810308378271167,-0.03341394843695113
SPATIAL_complete,prediction_kd,weather_tmax_mean,temperature,31,0.13093423206103788,0.10236993657114613,0.3199704394998749,0.09692030825454402,0.16774238599714658
SPATIAL_complete,prediction_kd,weather_tmin_mean,temperature,31,-0.14640660566948757,-0.08421527749548356,0.29829487304944263,-0.2379568280766703,-0.05842634806164129
SPATIAL_complete,prediction_kd,weather_vpd_mean,water_balance,31,-0.01393048862816505,-0.01980693149380382,0.19434421601635152,-0.07615655091546114,0.052472999870717046
SPATIAL_complete,representation_kd,weather_coverage,observation_support,31,0.0,0.0,0.0,0.0,0.0
SPATIAL_complete,representation_kd,weather_cwb_sum,water_balance,31,-0.014712861583878583,0.0003573615103959297,0.18597141797003405,-0.04195423750294451,0.009883465491841112
SPATIAL_complete,representation_kd,weather_et0_sum,water_balance,31,-0.13070657086728876,-0.3574301968328655,0.4922423354770627,-0.2793537499749863,0.04179267703464146
SPATIAL_complete,representation_kd,weather_expected_days,observation_support,31,-0.024351324683295608,-0.03181095297137893,0.1612652523408053,-0.041055929761815546,-0.007258852495766803
SPATIAL_complete,representation_kd,weather_observed_days,observation_support,31,0.08906652020310522,0.1633774753039082,0.28640626113541345,0.02781129621610203,0.14606859205786382
SPATIAL_complete,representation_kd,weather_prec_sum,water_balance,31,0.003053010909527706,0.003305513877421599,0.06850204969035281,-0.013527205252020998,0.018417028755748216
SPATIAL_complete,representation_kd,weather_rad_sum,radiation,31,-0.2182240435760969,-0.2542500220394383,0.3455323967168869,-0.29557709224923934,-0.13815629918019343
SPATIAL_complete,representation_kd,weather_tmax_mean,temperature,31,-0.12623721787640924,-0.1509527143401404,0.251313316491833,-0.15614302649572043,-0.09492350566915676
SPATIAL_complete,representation_kd,weather_tmin_mean,temperature,31,0.14876192486444384,0.33009268281360465,0.42500906260884413,0.003379635036464824,0.2765303090705426
SPATIAL_complete,representation_kd,weather_vpd_mean,water_balance,31,-0.10315769858738429,-0.2087425153392056,0.36721023946239423,-0.17896780840569346,-0.018231140143833792
