contract,method,seed,n,mae,rmse,r2,scratch_mae,supervised_mae,delta_mae_vs_scratch,delta_mae_vs_supervised
GROUP_complete,combined_kd,101,94,0.8159208503073838,1.0048461346807251,0.1442236406442876,0.6726920343238754,1.0493959675241025,0.14322881598350845,-0.23347511721671865
GROUP_complete,combined_kd,202,115,0.6774725608079329,0.8705251510667567,-0.6005185771597241,0.6997652064407358,0.665799620487379,-0.022292645632802865,0.011672940320553993
GROUP_complete,combined_kd,303,93,1.0183262189742057,1.2412394052475952,0.07141638375671377,0.8142279106268241,1.0086282518448368,0.20409830834738163,0.009697967129368879
GROUP_complete,local_scratch,101,94,0.6726920343238754,0.8847260722386493,0.3365949027079454,0.6726920343238754,1.0493959675241025,0.0,-0.3767039332002271
GROUP_complete,local_scratch,202,115,0.6997652064407358,0.8692575915830485,-0.5958609851767931,0.6997652064407358,0.665799620487379,0.0,0.03396558595335686
GROUP_complete,local_scratch,303,93,0.8142279106268241,1.0022256224410326,0.3946020991701133,0.8142279106268241,1.0086282518448368,0.0,-0.19440034121801275
GROUP_complete,missing_aware,101,94,0.8300081500398353,1.0124454056043584,0.13123087073001927,0.6726920343238754,1.0493959675241025,0.15731611571595994,-0.21938781748426717
GROUP_complete,missing_aware,202,115,0.7314418485226837,0.934174334079734,-0.8431213726557802,0.6997652064407358,0.665799620487379,0.03167664208194787,0.06564222803530473
GROUP_complete,missing_aware,303,93,0.9679510947401806,1.1637136156201506,0.18378957210514657,0.8142279106268241,1.0086282518448368,0.1537231841133565,-0.04067715710465625
GROUP_complete,prediction_kd,101,94,1.5921301575823035,2.3041353194783305,-3.4996332240723547,0.6726920343238754,1.0493959675241025,0.9194381232584281,0.542734190058201
GROUP_complete,prediction_kd,202,115,0.8590261017281074,1.0866876532738492,-1.494063682493953,0.6997652064407358,0.665799620487379,0.15926089528737164,0.1932264812407285
GROUP_complete,prediction_kd,303,93,1.018830432153517,1.1943200805479226,0.14029119183124106,0.8142279106268241,1.0086282518448368,0.204602521526693,0.010202180308680253
GROUP_complete,representation_kd,101,94,0.904357099746136,1.0900357590871612,-0.007030544105816272,0.6726920343238754,1.0493959675241025,0.23166506542226062,-0.14503886777796648
GROUP_complete,representation_kd,202,115,0.8061047787624857,0.9991090322330615,-1.1082584186899793,0.6997652064407358,0.665799620487379,0.10633957232174984,0.1403051582751067
GROUP_complete,representation_kd,303,93,1.1349561327349755,1.377430441991713,-0.14353447334062674,0.8142279106268241,1.0086282518448368,0.32072822210815144,0.1263278808901387
GROUP_complete,supervised,101,94,1.0493959675241025,1.2355799282213027,-0.29390634277838745,0.6726920343238754,1.0493959675241025,0.3767039332002271,0.0
GROUP_complete,supervised,202,115,0.665799620487379,0.8210526649578392,-0.4237708697832623,0.6997652064407358,0.665799620487379,-0.03396558595335686,0.0
GROUP_complete,supervised,303,93,1.0086282518448368,1.2238366318965426,0.09727222614594966,0.8142279106268241,1.0086282518448368,0.19440034121801275,0.0
SPATIAL_complete,combined_kd,101,31,1.1184264109826856,1.2757115336510922,-0.2617155847241459,1.204211076404923,0.9893673943704174,-0.0857846654222374,0.12905901661226815
SPATIAL_complete,combined_kd,202,31,0.9615161114354286,1.0707498498250734,0.1111416678299435,1.204211076404923,1.1654613613620883,-0.2426949649694944,-0.20394524992665974
SPATIAL_complete,combined_kd,303,31,0.8754309717916674,1.1164201247681358,0.03370036245514285,1.204211076404923,0.9179658694113454,-0.3287801046132556,-0.04253489761967799
SPATIAL_complete,local_scratch,101,31,1.204211076404923,1.5939518073461816,-0.9697308029675432,1.204211076404923,0.9893673943704174,0.0,0.21484368203450555
SPATIAL_complete,local_scratch,202,31,1.204211076404923,1.5939518073461816,-0.9697308029675432,1.204211076404923,1.1654613613620883,0.0,0.03874971504283464
SPATIAL_complete,local_scratch,303,31,1.204211076404923,1.5939518073461816,-0.9697308029675432,1.204211076404923,0.9179658694113454,0.0,0.2862452069935776
SPATIAL_complete,missing_aware,101,31,0.8936498574902934,1.083971324446886,0.08905513837884438,1.204211076404923,0.9893673943704174,-0.3105612189146296,-0.09571753688012408
SPATIAL_complete,missing_aware,202,31,1.2808052565051664,1.5082588531949785,-0.7636332172860341,1.204211076404923,1.1654613613620883,0.07659418010024344,0.11534389514307808
SPATIAL_complete,missing_aware,303,31,1.1074805254167126,1.384429751366355,-0.4859300000583624,1.204211076404923,0.9179658694113454,-0.09673055098821037,0.1895146560053672
SPATIAL_complete,prediction_kd,101,31,0.832896717286879,1.064809553280642,0.12097671134382293,1.204211076404923,0.9893673943704174,-0.371314359118044,-0.15647067708353846
SPATIAL_complete,prediction_kd,202,31,1.1404101992883988,1.4465970907383907,-0.6223766167815479,1.204211076404923,1.1654613613620883,-0.06380087711652416,-0.025051162073689515
SPATIAL_complete,prediction_kd,303,31,0.8890487373567396,1.0528864541803764,0.1405520495888487,1.204211076404923,0.9179658694113454,-0.31516233904818336,-0.028917132054605776
SPATIAL_complete,representation_kd,101,31,0.9733673183379633,1.0698700138547366,0.11260181882217546,1.204211076404923,0.9893673943704174,-0.23084375806695967,-0.016000076032454125
SPATIAL_complete,representation_kd,202,31,1.1419254088555613,1.4416684771992063,-0.6113404465151231,1.204211076404923,1.1654613613620883,-0.06228566754936171,-0.02353595250652707
SPATIAL_complete,representation_kd,303,31,0.9253772922638923,1.1931690325195514,-0.10372390768492368,1.204211076404923,0.9179658694113454,-0.27883378414103066,0.007411422852546923
SPATIAL_complete,supervised,101,31,0.9893673943704174,1.1010758850995468,0.06007975095173812,1.204211076404923,0.9893673943704174,-0.21484368203450555,0.0
SPATIAL_complete,supervised,202,31,1.1654613613620883,1.4148578040882176,-0.5519656074880277,1.204211076404923,1.1654613613620883,-0.03874971504283464,0.0
SPATIAL_complete,supervised,303,31,0.9179658694113454,1.125759908332498,0.01746493241663949,1.204211076404923,0.9179658694113454,-0.2862452069935776,0.0
